town,candidate,votes
Abington,Obama/ Biden,4144
Abington,Romney/ Ryan,4061
Abington,Johnson/ Gray,53
Abington,Stein/ Honkala,37
Abington,All Others,20
Acton,Obama/ Biden,7872
Acton,Romney/ Ryan,3875
Acton,Johnson/ Gray,136
Acton,Stein/ Honkala,83
Acton,All Others,17
Acushnet,Obama/ Biden,3046
Acushnet,Romney/ Ryan,2196
Acushnet,Johnson/ Gray,59
Acushnet,Stein/ Honkala,26
Acushnet,All Others,18
Adams,Obama/ Biden,3013
Adams,Romney/ Ryan,819
Adams,Johnson/ Gray,53
Adams,Stein/ Honkala,25
Adams,All Others,9
Agawam,Obama/ Biden,7288
Agawam,Romney/ Ryan,6870
Agawam,Johnson/ Gray,136
Agawam,Stein/ Honkala,60
Agawam,All Others,33
Alford,Obama/ Biden,233
Alford,Romney/ Ryan,64
Alford,Johnson/ Gray,1
Alford,Stein/ Honkala,6
Alford,All Others,0
Amesbury,Obama/ Biden,4863
Amesbury,Romney/ Ryan,3427
Amesbury,Johnson/ Gray,101
Amesbury,Stein/ Honkala,34
Amesbury,All Others,21
Amherst,Obama/ Biden,12798
Amherst,Romney/ Ryan,1911
Amherst,Johnson/ Gray,270
Amherst,Stein/ Honkala,444
Amherst,All Others,61
Andover,Obama/ Biden,9401
Andover,Romney/ Ryan,9096
Andover,Johnson/ Gray,181
Andover,Stein/ Honkala,82
Andover,All Others,0
Aquinnah,Obama/ Biden,252
Aquinnah,Romney/ Ryan,38
Aquinnah,Johnson/ Gray,2
Aquinnah,Stein/ Honkala,6
Aquinnah,All Others,0
Arlington,Obama/ Biden,18850
Arlington,Romney/ Ryan,6694
Arlington,Johnson/ Gray,249
Arlington,Stein/ Honkala,316
Arlington,All Others,50
Ashburnham,Obama/ Biden,1632
Ashburnham,Romney/ Ryan,1535
Ashburnham,Johnson/ Gray,38
Ashburnham,Stein/ Honkala,24
Ashburnham,All Others,18
Ashby,Obama/ Biden,827
Ashby,Romney/ Ryan,961
Ashby,Johnson/ Gray,32
Ashby,Stein/ Honkala,10
Ashby,All Others,5
Ashfield,Obama/ Biden,892
Ashfield,Romney/ Ryan,187
Ashfield,Johnson/ Gray,11
Ashfield,Stein/ Honkala,31
Ashfield,All Others,1
Ashland,Obama/ Biden,4979
Ashland,Romney/ Ryan,3409
Ashland,Johnson/ Gray,115
Ashland,Stein/ Honkala,36
Ashland,All Others,9
Athol,Obama/ Biden,2543
Athol,Romney/ Ryan,2079
Athol,Johnson/ Gray,78
Athol,Stein/ Honkala,41
Athol,All Others,14
Attleboro,Obama/ Biden,10502
Attleboro,Romney/ Ryan,8470
Attleboro,Johnson/ Gray,263
Attleboro,Stein/ Honkala,95
Attleboro,All Others,54
Auburn,Obama/ Biden,4520
Auburn,Romney/ Ryan,4121
Auburn,Johnson/ Gray,106
Auburn,Stein/ Honkala,63
Auburn,All Others,18
Avon,Obama/ Biden,1222
Avon,Romney/ Ryan,1131
Avon,Johnson/ Gray,31
Avon,Stein/ Honkala,11
Avon,All Others,0
Ayer,Obama/ Biden,2025
Ayer,Romney/ Ryan,1558
Ayer,Johnson/ Gray,43
Ayer,Stein/ Honkala,21
Ayer,All Others,6
Barnstable,Obama/ Biden,12947
Barnstable,Romney/ Ryan,12355
Barnstable,Johnson/ Gray,181
Barnstable,Stein/ Honkala,128
Barnstable,All Others,0
Barre,Obama/ Biden,1345
Barre,Romney/ Ryan,1279
Barre,Johnson/ Gray,36
Barre,Stein/ Honkala,25
Barre,All Others,11
Becket,Obama/ Biden,686
Becket,Romney/ Ryan,259
Becket,Johnson/ Gray,14
Becket,Stein/ Honkala,10
Becket,All Others,1
Bedford,Obama/ Biden,4469
Bedford,Romney/ Ryan,3061
Bedford,Johnson/ Gray,90
Bedford,Stein/ Honkala,60
Bedford,All Others,18
Belchertown,Obama/ Biden,4600
Belchertown,Romney/ Ryan,2914
Belchertown,Johnson/ Gray,73
Belchertown,Stein/ Honkala,81
Belchertown,All Others,15
Bellingham,Obama/ Biden,4263
Bellingham,Romney/ Ryan,4133
Bellingham,Johnson/ Gray,110
Bellingham,Stein/ Honkala,30
Bellingham,All Others,24
Belmont,Obama/ Biden,9313
Belmont,Romney/ Ryan,4752
Belmont,Johnson/ Gray,111
Belmont,Stein/ Honkala,137
Belmont,All Others,28
Berkley,Obama/ Biden,1573
Berkley,Romney/ Ryan,1689
Berkley,Johnson/ Gray,32
Berkley,Stein/ Honkala,10
Berkley,All Others,16
Berlin,Obama/ Biden,921
Berlin,Romney/ Ryan,830
Berlin,Johnson/ Gray,35
Berlin,Stein/ Honkala,21
Berlin,All Others,0
Bernardston,Obama/ Biden,809
Bernardston,Romney/ Ryan,329
Bernardston,Johnson/ Gray,19
Bernardston,Stein/ Honkala,9
Bernardston,All Others,8
Beverly,Obama/ Biden,12158
Beverly,Romney/ Ryan,8328
Beverly,Johnson/ Gray,263
Beverly,Stein/ Honkala,114
Beverly,All Others,53
Billerica,Obama/ Biden,9839
Billerica,Romney/ Ryan,9959
Billerica,Johnson/ Gray,210
Billerica,Stein/ Honkala,92
Billerica,All Others,64
Blackstone,Obama/ Biden,2222
Blackstone,Romney/ Ryan,2028
Blackstone,Johnson/ Gray,50
Blackstone,Stein/ Honkala,17
Blackstone,All Others,8
Blandford,Obama/ Biden,300
Blandford,Romney/ Ryan,348
Blandford,Johnson/ Gray,7
Blandford,Stein/ Honkala,5
Blandford,All Others,1
Bolton,Obama/ Biden,1554
Bolton,Romney/ Ryan,1463
Bolton,Johnson/ Gray,37
Bolton,Stein/ Honkala,15
Bolton,All Others,7
Boston,Obama/ Biden,200190
Boston,Romney/ Ryan,48985
Boston,Johnson/ Gray,2119
Boston,Stein/ Honkala,2112
Boston,All Others,483
Bourne,Obama/ Biden,4812
Bourne,Romney/ Ryan,5296
Bourne,Johnson/ Gray,68
Bourne,Stein/ Honkala,40
Bourne,All Others,28
Boxborough,Obama/ Biden,1753
Boxborough,Romney/ Ryan,1140
Boxborough,Johnson/ Gray,33
Boxborough,Stein/ Honkala,25
Boxborough,All Others,0
Boxford,Obama/ Biden,2066
Boxford,Romney/ Ryan,3034
Boxford,Johnson/ Gray,48
Boxford,Stein/ Honkala,14
Boxford,All Others,13
Boylston,Obama/ Biden,1283
Boylston,Romney/ Ryan,1343
Boylston,Johnson/ Gray,36
Boylston,Stein/ Honkala,17
Boylston,All Others,8
Braintree,Obama/ Biden,10059
Braintree,Romney/ Ryan,9232
Braintree,Johnson/ Gray,157
Braintree,Stein/ Honkala,75
Braintree,All Others,51
Brewster,Obama/ Biden,3678
Brewster,Romney/ Ryan,2752
Brewster,Johnson/ Gray,60
Brewster,Stein/ Honkala,40
Brewster,All Others,13
Bridgewater,Obama/ Biden,5777
Bridgewater,Romney/ Ryan,6098
Bridgewater,Johnson/ Gray,110
Bridgewater,Stein/ Honkala,47
Bridgewater,All Others,28
Brimfield,Obama/ Biden,897
Brimfield,Romney/ Ryan,1095
Brimfield,Johnson/ Gray,31
Brimfield,Stein/ Honkala,20
Brimfield,All Others,3
Brockton,Obama/ Biden,25262
Brockton,Romney/ Ryan,8710
Brockton,Johnson/ Gray,227
Brockton,Stein/ Honkala,85
Brockton,All Others,50
Brookfield,Obama/ Biden,830
Brookfield,Romney/ Ryan,858
Brookfield,Johnson/ Gray,26
Brookfield,Stein/ Honkala,19
Brookfield,All Others,5
Brookline,Obama/ Biden,22277
Brookline,Romney/ Ryan,5880
Brookline,Johnson/ Gray,208
Brookline,Stein/ Honkala,255
Brookline,All Others,33
Buckland,Obama/ Biden,750
Buckland,Romney/ Ryan,252
Buckland,Johnson/ Gray,11
Buckland,Stein/ Honkala,21
Buckland,All Others,0
Burlington,Obama/ Biden,6983
Burlington,Romney/ Ryan,6191
Burlington,Johnson/ Gray,115
Burlington,Stein/ Honkala,46
Burlington,All Others,25
Cambridge,Obama/ Biden,43515
Cambridge,Romney/ Ryan,5476
Cambridge,Johnson/ Gray,568
Cambridge,Stein/ Honkala,938
Cambridge,All Others,122
Canton,Obama/ Biden,6488
Canton,Romney/ Ryan,5779
Canton,Johnson/ Gray,102
Canton,Stein/ Honkala,37
Canton,All Others,13
Carlisle,Obama/ Biden,1972
Carlisle,Romney/ Ryan,1318
Carlisle,Johnson/ Gray,32
Carlisle,Stein/ Honkala,39
Carlisle,All Others,3
Carver,Obama/ Biden,2872
Carver,Romney/ Ryan,3111
Carver,Johnson/ Gray,49
Carver,Stein/ Honkala,20
Carver,All Others,13
Charlemont,Obama/ Biden,456
Charlemont,Romney/ Ryan,166
Charlemont,Johnson/ Gray,6
Charlemont,Stein/ Honkala,11
Charlemont,All Others,0
Charlton,Obama/ Biden,2914
Charlton,Romney/ Ryan,3662
Charlton,Johnson/ Gray,95
Charlton,Stein/ Honkala,41
Charlton,All Others,12
Chatham,Obama/ Biden,2293
Chatham,Romney/ Ryan,2280
Chatham,Johnson/ Gray,26
Chatham,Stein/ Honkala,23
Chatham,All Others,16
Chelmsford,Obama/ Biden,9651
Chelmsford,Romney/ Ryan,9573
Chelmsford,Johnson/ Gray,224
Chelmsford,Stein/ Honkala,99
Chelmsford,All Others,33
Chelsea,Obama/ Biden,6802
Chelsea,Romney/ Ryan,1515
Chelsea,Johnson/ Gray,70
Chelsea,Stein/ Honkala,36
Chelsea,All Others,0
Cheshire,Obama/ Biden,1219
Cheshire,Romney/ Ryan,493
Cheshire,Johnson/ Gray,23
Cheshire,Stein/ Honkala,10
Cheshire,All Others,2
Chester,Obama/ Biden,331
Chester,Romney/ Ryan,305
Chester,Johnson/ Gray,18
Chester,Stein/ Honkala,7
Chester,All Others,3
Chesterfield,Obama/ Biden,455
Chesterfield,Romney/ Ryan,228
Chesterfield,Johnson/ Gray,17
Chesterfield,Stein/ Honkala,16
Chesterfield,All Others,0
Chicopee,Obama/ Biden,14302
Chicopee,Romney/ Ryan,8241
Chicopee,Johnson/ Gray,263
Chicopee,Stein/ Honkala,133
Chicopee,All Others,97
Chilmark,Obama/ Biden,589
Chilmark,Romney/ Ryan,127
Chilmark,Johnson/ Gray,7
Chilmark,Stein/ Honkala,8
Chilmark,All Others,3
Clarksburg,Obama/ Biden,616
Clarksburg,Romney/ Ryan,232
Clarksburg,Johnson/ Gray,5
Clarksburg,Stein/ Honkala,7
Clarksburg,All Others,0
Clinton,Obama/ Biden,3768
Clinton,Romney/ Ryan,2621
Clinton,Johnson/ Gray,90
Clinton,Stein/ Honkala,36
Clinton,All Others,19
Cohasset,Obama/ Biden,2250
Cohasset,Romney/ Ryan,2601
Cohasset,Johnson/ Gray,35
Cohasset,Stein/ Honkala,9
Cohasset,All Others,10
Colrain,Obama/ Biden,618
Colrain,Romney/ Ryan,232
Colrain,Johnson/ Gray,19
Colrain,Stein/ Honkala,12
Colrain,All Others,5
Concord,Obama/ Biden,7316
Concord,Romney/ Ryan,3527
Concord,Johnson/ Gray,95
Concord,Stein/ Honkala,76
Concord,All Others,12
Conway,Obama/ Biden,926
Conway,Romney/ Ryan,288
Conway,Johnson/ Gray,6
Conway,Stein/ Honkala,30
Conway,All Others,6
Cummington,Obama/ Biden,368
Cummington,Romney/ Ryan,139
Cummington,Johnson/ Gray,10
Cummington,Stein/ Honkala,11
Cummington,All Others,2
Dalton,Obama/ Biden,2444
Dalton,Romney/ Ryan,891
Dalton,Johnson/ Gray,38
Dalton,Stein/ Honkala,29
Dalton,All Others,9
Danvers,Obama/ Biden,7367
Danvers,Romney/ Ryan,6997
Danvers,Johnson/ Gray,122
Danvers,Stein/ Honkala,57
Danvers,All Others,38
Dartmouth,Obama/ Biden,9880
Dartmouth,Romney/ Ryan,5985
Dartmouth,Johnson/ Gray,175
Dartmouth,Stein/ Honkala,69
Dartmouth,All Others,33
Dedham,Obama/ Biden,7757
Dedham,Romney/ Ryan,5734
Dedham,Johnson/ Gray,122
Dedham,Stein/ Honkala,54
Dedham,All Others,42
Deerfield,Obama/ Biden,2104
Deerfield,Romney/ Ryan,839
Deerfield,Johnson/ Gray,23
Deerfield,Stein/ Honkala,53
Deerfield,All Others,8
Dennis,Obama/ Biden,4921
Dennis,Romney/ Ryan,4247
Dennis,Johnson/ Gray,72
Dennis,Stein/ Honkala,38
Dennis,All Others,0
Dighton,Obama/ Biden,1743
Dighton,Romney/ Ryan,1843
Dighton,Johnson/ Gray,43
Dighton,Stein/ Honkala,18
Dighton,All Others,16
Douglas,Obama/ Biden,1897
Douglas,Romney/ Ryan,2542
Douglas,Johnson/ Gray,51
Douglas,Stein/ Honkala,22
Douglas,All Others,0
Dover,Obama/ Biden,1534
Dover,Romney/ Ryan,2004
Dover,Johnson/ Gray,27
Dover,Stein/ Honkala,12
Dover,All Others,7
Dracut,Obama/ Biden,6941
Dracut,Romney/ Ryan,8042
Dracut,Johnson/ Gray,173
Dracut,Stein/ Honkala,51
Dracut,All Others,0
Dudley,Obama/ Biden,2471
Dudley,Romney/ Ryan,2549
Dudley,Johnson/ Gray,57
Dudley,Stein/ Honkala,18
Dudley,All Others,8
Dunstable,Obama/ Biden,821
Dunstable,Romney/ Ryan,1036
Dunstable,Johnson/ Gray,25
Dunstable,Stein/ Honkala,11
Dunstable,All Others,2
Duxbury,Obama/ Biden,4247
Duxbury,Romney/ Ryan,5325
Duxbury,Johnson/ Gray,56
Duxbury,Stein/ Honkala,37
Duxbury,All Others,15
E. Bridgewater,Obama/ Biden,3349
E. Bridgewater,Romney/ Ryan,3878
E. Bridgewater,Johnson/ Gray,66
E. Bridgewater,Stein/ Honkala,25
E. Bridgewater,All Others,22
E. Brookfield,Obama/ Biden,470
E. Brookfield,Romney/ Ryan,663
E. Brookfield,Johnson/ Gray,11
E. Brookfield,Stein/ Honkala,4
E. Brookfield,All Others,4
E. Longmeadow,Obama/ Biden,4092
E. Longmeadow,Romney/ Ryan,4528
E. Longmeadow,Johnson/ Gray,69
E. Longmeadow,Stein/ Honkala,27
E. Longmeadow,All Others,19
Eastham,Obama/ Biden,2188
Eastham,Romney/ Ryan,1446
Eastham,Johnson/ Gray,24
Eastham,Stein/ Honkala,21
Eastham,All Others,11
Easthampton,Obama/ Biden,6283
Easthampton,Romney/ Ryan,2463
Easthampton,Johnson/ Gray,103
Easthampton,Stein/ Honkala,157
Easthampton,All Others,29
Easton,Obama/ Biden,5262
Easton,Romney/ Ryan,6060
Easton,Johnson/ Gray,84
Easton,Stein/ Honkala,670
Easton,All Others,31
Edgartown,Obama/ Biden,1701
Edgartown,Romney/ Ryan,827
Edgartown,Johnson/ Gray,22
Edgartown,Stein/ Honkala,14
Edgartown,All Others,6
Egremont,Obama/ Biden,677
Egremont,Romney/ Ryan,152
Egremont,Johnson/ Gray,4
Egremont,Stein/ Honkala,9
Egremont,All Others,0
Erving,Obama/ Biden,557
Erving,Romney/ Ryan,200
Erving,Johnson/ Gray,8
Erving,Stein/ Honkala,5
Erving,All Others,3
Essex,Obama/ Biden,1163
Essex,Romney/ Ryan,966
Essex,Johnson/ Gray,29
Essex,Stein/ Honkala,14
Essex,All Others,1
Everett,Obama/ Biden,9409
Everett,Romney/ Ryan,3589
Everett,Johnson/ Gray,93
Everett,Stein/ Honkala,45
Everett,All Others,39
Fairhaven,Obama/ Biden,5011
Fairhaven,Romney/ Ryan,3056
Fairhaven,Johnson/ Gray,107
Fairhaven,Stein/ Honkala,46
Fairhaven,All Others,27
Fall River,Obama/ Biden,21878
Fall River,Romney/ Ryan,7390
Fall River,Johnson/ Gray,299
Fall River,Stein/ Honkala,128
Fall River,All Others,51
Falmouth,Obama/ Biden,11127
Falmouth,Romney/ Ryan,8163
Falmouth,Johnson/ Gray,153
Falmouth,Stein/ Honkala,112
Falmouth,All Others,34
Fitchburg,Obama/ Biden,8547
Fitchburg,Romney/ Ryan,5602
Fitchburg,Johnson/ Gray,216
Fitchburg,Stein/ Honkala,71
Fitchburg,All Others,17
Florida,Obama/ Biden,255
Florida,Romney/ Ryan,127
Florida,Johnson/ Gray,7
Florida,Stein/ Honkala,1
Florida,All Others,3
Foxborough,Obama/ Biden,4787
Foxborough,Romney/ Ryan,4817
Foxborough,Johnson/ Gray,99
Foxborough,Stein/ Honkala,22
Foxborough,All Others,21
Framingham,Obama/ Biden,18499
Framingham,Romney/ Ryan,8978
Framingham,Johnson/ Gray,265
Framingham,Stein/ Honkala,164
Framingham,All Others,65
Franklin,Obama/ Biden,8616
Franklin,Romney/ Ryan,8566
Franklin,Johnson/ Gray,176
Franklin,Stein/ Honkala,87
Franklin,All Others,44
Freetown,Obama/ Biden,2318
Freetown,Romney/ Ryan,2247
Freetown,Johnson/ Gray,66
Freetown,Stein/ Honkala,25
Freetown,All Others,17
Gardner,Obama/ Biden,4699
Gardner,Romney/ Ryan,3331
Gardner,Johnson/ Gray,117
Gardner,Stein/ Honkala,65
Gardner,All Others,25
Georgetown,Obama/ Biden,2273
Georgetown,Romney/ Ryan,2579
Georgetown,Johnson/ Gray,49
Georgetown,Stein/ Honkala,17
Georgetown,All Others,12
Gill,Obama/ Biden,653
Gill,Romney/ Ryan,213
Gill,Johnson/ Gray,12
Gill,Stein/ Honkala,18
Gill,All Others,3
Gloucester,Obama/ Biden,9780
Gloucester,Romney/ Ryan,5535
Gloucester,Johnson/ Gray,161
Gloucester,Stein/ Honkala,79
Gloucester,All Others,61
Goshen,Obama/ Biden,395
Goshen,Romney/ Ryan,198
Goshen,Johnson/ Gray,10
Goshen,Stein/ Honkala,11
Goshen,All Others,0
Gosnold,Obama/ Biden,49
Gosnold,Romney/ Ryan,36
Gosnold,Johnson/ Gray,1
Gosnold,Stein/ Honkala,1
Gosnold,All Others,0
Grafton,Obama/ Biden,4877
Grafton,Romney/ Ryan,4438
Grafton,Johnson/ Gray,122
Grafton,Stein/ Honkala,49
Grafton,All Others,18
Granby,Obama/ Biden,1870
Granby,Romney/ Ryan,1575
Granby,Johnson/ Gray,28
Granby,Stein/ Honkala,28
Granby,All Others,5
Granville,Obama/ Biden,377
Granville,Romney/ Ryan,502
Granville,Johnson/ Gray,11
Granville,Stein/ Honkala,4
Granville,All Others,0
Great Barrington,Obama/ Biden,2928
Great Barrington,Romney/ Ryan,597
Great Barrington,Johnson/ Gray,33
Great Barrington,Stein/ Honkala,43
Great Barrington,All Others,8
Greenfield,Obama/ Biden,6187
Greenfield,Romney/ Ryan,1895
Greenfield,Johnson/ Gray,89
Greenfield,Stein/ Honkala,185
Greenfield,All Others,31
Groton,Obama/ Biden,3229
Groton,Romney/ Ryan,2814
Groton,Johnson/ Gray,58
Groton,Stein/ Honkala,49
Groton,All Others,11
Groveland,Obama/ Biden,1832
Groveland,Romney/ Ryan,2084
Groveland,Johnson/ Gray,50
Groveland,Stein/ Honkala,17
Groveland,All Others,10
Hadley,Obama/ Biden,2142
Hadley,Romney/ Ryan,891
Hadley,Johnson/ Gray,26
Hadley,Stein/ Honkala,43
Hadley,All Others,10
Halifax,Obama/ Biden,1938
Halifax,Romney/ Ryan,2071
Halifax,Johnson/ Gray,48
Halifax,Stein/ Honkala,16
Halifax,All Others,21
Hamilton,Obama/ Biden,2189
Hamilton,Romney/ Ryan,2223
Hamilton,Johnson/ Gray,56
Hamilton,Stein/ Honkala,26
Hamilton,All Others,18
Hampden,Obama/ Biden,1286
Hampden,Romney/ Ryan,1569
Hampden,Johnson/ Gray,37
Hampden,Stein/ Honkala,13
Hampden,All Others,5
Hancock,Obama/ Biden,228
Hancock,Romney/ Ryan,142
Hancock,Johnson/ Gray,9
Hancock,Stein/ Honkala,3
Hancock,All Others,0
Hanover,Obama/ Biden,3359
Hanover,Romney/ Ryan,4911
Hanover,Johnson/ Gray,53
Hanover,Stein/ Honkala,20
Hanover,All Others,16
Hanson,Obama/ Biden,2513
Hanson,Romney/ Ryan,3003
Hanson,Johnson/ Gray,43
Hanson,Stein/ Honkala,14
Hanson,All Others,2
Hardwick,Obama/ Biden,710
Hardwick,Romney/ Ryan,560
Hardwick,Johnson/ Gray,27
Hardwick,Stein/ Honkala,13
Hardwick,All Others,4
Harvard,Obama/ Biden,2167
Harvard,Romney/ Ryan,1362
Harvard,Johnson/ Gray,46
Harvard,Stein/ Honkala,30
Harvard,All Others,4
Harwich,Obama/ Biden,4415
Harwich,Romney/ Ryan,3622
Harwich,Johnson/ Gray,65
Harwich,Stein/ Honkala,53
Harwich,All Others,19
Hatfield,Obama/ Biden,1362
Hatfield,Romney/ Ryan,638
Hatfield,Johnson/ Gray,11
Hatfield,Stein/ Honkala,24
Hatfield,All Others,7
Haverhill,Obama/ Biden,15592
Haverhill,Romney/ Ryan,11894
Haverhill,Johnson/ Gray,331
Haverhill,Stein/ Honkala,110
Haverhill,All Others,52
Hawley,Obama/ Biden,127
Hawley,Romney/ Ryan,65
Hawley,Johnson/ Gray,2
Hawley,Stein/ Honkala,5
Hawley,All Others,2
Heath,Obama/ Biden,295
Heath,Romney/ Ryan,124
Heath,Johnson/ Gray,2
Heath,Stein/ Honkala,8
Heath,All Others,3
Hingham,Obama/ Biden,6803
Hingham,Romney/ Ryan,7249
Hingham,Johnson/ Gray,93
Hingham,Stein/ Honkala,44
Hingham,All Others,33
Hinsdale,Obama/ Biden,728
Hinsdale,Romney/ Ryan,297
Hinsdale,Johnson/ Gray,26
Hinsdale,Stein/ Honkala,6
Hinsdale,All Others,1
Holbrook,Obama/ Biden,3024
Holbrook,Romney/ Ryan,2403
Holbrook,Johnson/ Gray,48
Holbrook,Stein/ Honkala,24
Holbrook,All Others,14
Holden,Obama/ Biden,5080
Holden,Romney/ Ryan,5315
Holden,Johnson/ Gray,100
Holden,Stein/ Honkala,54
Holden,All Others,32
Holland,Obama/ Biden,593
Holland,Romney/ Ryan,690
Holland,Johnson/ Gray,27
Holland,Stein/ Honkala,14
Holland,All Others,4
Holliston,Obama/ Biden,4637
Holliston,Romney/ Ryan,3511
Holliston,Johnson/ Gray,102
Holliston,Stein/ Honkala,44
Holliston,All Others,21
Holyoke,Obama/ Biden,12536
Holyoke,Romney/ Ryan,3656
Holyoke,Johnson/ Gray,113
Holyoke,Stein/ Honkala,144
Holyoke,All Others,0
Hopedale,Obama/ Biden,1701
Hopedale,Romney/ Ryan,1536
Hopedale,Johnson/ Gray,43
Hopedale,Stein/ Honkala,14
Hopedale,All Others,3
Hopkinton,Obama/ Biden,4208
Hopkinton,Romney/ Ryan,4336
Hopkinton,Johnson/ Gray,94
Hopkinton,Stein/ Honkala,31
Hopkinton,All Others,11
Hubbardston,Obama/ Biden,1160
Hubbardston,Romney/ Ryan,1381
Hubbardston,Johnson/ Gray,31
Hubbardston,Stein/ Honkala,28
Hubbardston,All Others,11
Hudson,Obama/ Biden,5642
Hudson,Romney/ Ryan,4185
Hudson,Johnson/ Gray,139
Hudson,Stein/ Honkala,49
Hudson,All Others,8
Hull,Obama/ Biden,3584
Hull,Romney/ Ryan,2418
Hull,Johnson/ Gray,51
Hull,Stein/ Honkala,24
Hull,All Others,12
Huntington,Obama/ Biden,554
Huntington,Romney/ Ryan,479
Huntington,Johnson/ Gray,52
Huntington,Stein/ Honkala,14
Huntington,All Others,4
Ipswich,Obama/ Biden,4464
Ipswich,Romney/ Ryan,3758
Ipswich,Johnson/ Gray,86
Ipswich,Stein/ Honkala,52
Ipswich,All Others,11
Kingston,Obama/ Biden,3179
Kingston,Romney/ Ryan,3726
Kingston,Johnson/ Gray,52
Kingston,Stein/ Honkala,13
Kingston,All Others,10
Lakeville,Obama/ Biden,2422
Lakeville,Romney/ Ryan,3312
Lakeville,Johnson/ Gray,55
Lakeville,Stein/ Honkala,18
Lakeville,All Others,25
Lancaster,Obama/ Biden,1728
Lancaster,Romney/ Ryan,1915
Lancaster,Johnson/ Gray,44
Lancaster,Stein/ Honkala,26
Lancaster,All Others,15
Lanesborough,Obama/ Biden,1144
Lanesborough,Romney/ Ryan,430
Lanesborough,Johnson/ Gray,16
Lanesborough,Stein/ Honkala,6
Lanesborough,All Others,6
Lawrence,Obama/ Biden,18278
Lawrence,Romney/ Ryan,3462
Lawrence,Johnson/ Gray,138
Lawrence,Stein/ Honkala,47
Lawrence,All Others,37
Lee,Obama/ Biden,2198
Lee,Romney/ Ryan,719
Lee,Johnson/ Gray,26
Lee,Stein/ Honkala,25
Lee,All Others,7
Leicester,Obama/ Biden,2764
Leicester,Romney/ Ryan,2674
Leicester,Johnson/ Gray,74
Leicester,Stein/ Honkala,22
Leicester,All Others,18
Lenox,Obama/ Biden,2318
Lenox,Romney/ Ryan,675
Lenox,Johnson/ Gray,27
Lenox,Stein/ Honkala,29
Lenox,All Others,10
Leominster,Obama/ Biden,9792
Leominster,Romney/ Ryan,8552
Leominster,Johnson/ Gray,210
Leominster,Stein/ Honkala,88
Leominster,All Others,52
Leverett,Obama/ Biden,1004
Leverett,Romney/ Ryan,183
Leverett,Johnson/ Gray,12
Leverett,Stein/ Honkala,39
Leverett,All Others,0
Lexington,Obama/ Biden,12750
Lexington,Romney/ Ryan,5293
Lexington,Johnson/ Gray,137
Lexington,Stein/ Honkala,160
Lexington,All Others,25
Leyden,Obama/ Biden,339
Leyden,Romney/ Ryan,115
Leyden,Johnson/ Gray,4
Leyden,Stein/ Honkala,4
Leyden,All Others,0
Lincoln,Obama/ Biden,2613
Lincoln,Romney/ Ryan,1074
Lincoln,Johnson/ Gray,29
Lincoln,Stein/ Honkala,22
Lincoln,All Others,4
Littleton,Obama/ Biden,2939
Littleton,Romney/ Ryan,2363
Littleton,Johnson/ Gray,75
Littleton,Stein/ Honkala,36
Littleton,All Others,16
Longmeadow,Obama/ Biden,4860
Longmeadow,Romney/ Ryan,4530
Longmeadow,Johnson/ Gray,62
Longmeadow,Stein/ Honkala,39
Longmeadow,All Others,10
Lowell,Obama/ Biden,22771
Lowell,Romney/ Ryan,10643
Lowell,Johnson/ Gray,411
Lowell,Stein/ Honkala,191
Lowell,All Others,65
Ludlow,Obama/ Biden,5240
Ludlow,Romney/ Ryan,4295
Ludlow,Johnson/ Gray,91
Ludlow,Stein/ Honkala,52
Ludlow,All Others,20
Lunenburg,Obama/ Biden,2751
Lunenburg,Romney/ Ryan,3040
Lunenburg,Johnson/ Gray,73
Lunenburg,Stein/ Honkala,36
Lunenburg,All Others,24
Lynn,Obama/ Biden,23124
Lynn,Romney/ Ryan,8512
Lynn,Johnson/ Gray,261
Lynn,Stein/ Honkala,113
Lynn,All Others,66
Lynnfield,Obama/ Biden,2776
Lynnfield,Romney/ Ryan,4420
Lynnfield,Johnson/ Gray,53
Lynnfield,Stein/ Honkala,15
Lynnfield,All Others,7
Malden,Obama/ Biden,15010
Malden,Romney/ Ryan,5730
Malden,Johnson/ Gray,197
Malden,Stein/ Honkala,117
Malden,All Others,51
Manchester-by-the-Sea,Obama/ Biden,1926
Manchester-by-the-Sea,Romney/ Ryan,1559
Manchester-by-the-Sea,Johnson/ Gray,30
Manchester-by-the-Sea,Stein/ Honkala,18
Manchester-by-the-Sea,All Others,5
Mansfield,Obama/ Biden,5932
Mansfield,Romney/ Ryan,5870
Mansfield,Johnson/ Gray,130
Mansfield,Stein/ Honkala,54
Mansfield,All Others,0
Marblehead,Obama/ Biden,6991
Marblehead,Romney/ Ryan,5510
Marblehead,Johnson/ Gray,102
Marblehead,Stein/ Honkala,38
Marblehead,All Others,19
Marion,Obama/ Biden,1727
Marion,Romney/ Ryan,1458
Marion,Johnson/ Gray,33
Marion,Stein/ Honkala,12
Marion,All Others,2
Marlborough,Obama/ Biden,9587
Marlborough,Romney/ Ryan,6870
Marlborough,Johnson/ Gray,188
Marlborough,Stein/ Honkala,75
Marlborough,All Others,41
Marshfield,Obama/ Biden,7046
Marshfield,Romney/ Ryan,7874
Marshfield,Johnson/ Gray,108
Marshfield,Stein/ Honkala,56
Marshfield,All Others,28
Mashpee,Obama/ Biden,4135
Mashpee,Romney/ Ryan,4062
Mashpee,Johnson/ Gray,46
Mashpee,Stein/ Honkala,42
Mashpee,All Others,11
Mattapoisett,Obama/ Biden,2041
Mattapoisett,Romney/ Ryan,1855
Mattapoisett,Johnson/ Gray,28
Mattapoisett,Stein/ Honkala,29
Mattapoisett,All Others,0
Maynard,Obama/ Biden,3635
Maynard,Romney/ Ryan,2023
Maynard,Johnson/ Gray,77
Maynard,Stein/ Honkala,53
Maynard,All Others,15
Medfield,Obama/ Biden,3448
Medfield,Romney/ Ryan,3864
Medfield,Johnson/ Gray,71
Medfield,Stein/ Honkala,32
Medfield,All Others,9
Medford,Obama/ Biden,18874
Medford,Romney/ Ryan,8359
Medford,Johnson/ Gray,275
Medford,Stein/ Honkala,227
Medford,All Others,76
Medway,Obama/ Biden,3627
Medway,Romney/ Ryan,3526
Medway,Johnson/ Gray,70
Medway,Stein/ Honkala,29
Medway,All Others,13
Melrose,Obama/ Biden,9368
Melrose,Romney/ Ryan,5971
Melrose,Johnson/ Gray,133
Melrose,Stein/ Honkala,75
Melrose,All Others,37
Mendon,Obama/ Biden,1524
Mendon,Romney/ Ryan,1844
Mendon,Johnson/ Gray,34
Mendon,Stein/ Honkala,15
Mendon,All Others,12
Merrimac,Obama/ Biden,1847
Merrimac,Romney/ Ryan,1660
Merrimac,Johnson/ Gray,47
Merrimac,Stein/ Honkala,18
Merrimac,All Others,12
Methuen,Obama/ Biden,11092
Methuen,Romney/ Ryan,10198
Methuen,Johnson/ Gray,206
Methuen,Stein/ Honkala,50
Methuen,All Others,26
Middleborough,Obama/ Biden,5224
Middleborough,Romney/ Ryan,6053
Middleborough,Johnson/ Gray,130
Middleborough,Stein/ Honkala,60
Middleborough,All Others,30
Middlefield,Obama/ Biden,202
Middlefield,Romney/ Ryan,77
Middlefield,Johnson/ Gray,5
Middlefield,Stein/ Honkala,6
Middlefield,All Others,0
Middleton,Obama/ Biden,1921
Middleton,Romney/ Ryan,2658
Middleton,Johnson/ Gray,36
Middleton,Stein/ Honkala,16
Middleton,All Others,1
Milford,Obama/ Biden,7159
Milford,Romney/ Ryan,5519
Milford,Johnson/ Gray,125
Milford,Stein/ Honkala,58
Milford,All Others,37
Millbury,Obama/ Biden,3411
Millbury,Romney/ Ryan,3263
Millbury,Johnson/ Gray,78
Millbury,Stein/ Honkala,35
Millbury,All Others,17
Millis,Obama/ Biden,2421
Millis,Romney/ Ryan,2233
Millis,Johnson/ Gray,55
Millis,Stein/ Honkala,28
Millis,All Others,0
Millville,Obama/ Biden,717
Millville,Romney/ Ryan,813
Millville,Johnson/ Gray,18
Millville,Stein/ Honkala,9
Millville,All Others,0
Milton,Obama/ Biden,9569
Milton,Romney/ Ryan,6133
Milton,Johnson/ Gray,114
Milton,Stein/ Honkala,68
Milton,All Others,33
Monroe,Obama/ Biden,32
Monroe,Romney/ Ryan,21
Monroe,Johnson/ Gray,0
Monroe,Stein/ Honkala,0
Monroe,All Others,0
Monson,Obama/ Biden,2178
Monson,Romney/ Ryan,2035
Monson,Johnson/ Gray,49
Monson,Stein/ Honkala,34
Monson,All Others,7
Montague,Obama/ Biden,3214
Montague,Romney/ Ryan,873
Montague,Johnson/ Gray,39
Montague,Stein/ Honkala,87
Montague,All Others,10
Monterey,Obama/ Biden,420
Monterey,Romney/ Ryan,97
Monterey,Johnson/ Gray,6
Monterey,Stein/ Honkala,9
Monterey,All Others,1
Montgomery,Obama/ Biden,220
Montgomery,Romney/ Ryan,274
Montgomery,Johnson/ Gray,8
Montgomery,Stein/ Honkala,5
Montgomery,All Others,2
Mount Washington,Obama/ Biden,83
Mount Washington,Romney/ Ryan,19
Mount Washington,Johnson/ Gray,3
Mount Washington,Stein/ Honkala,3
Mount Washington,All Others,0
Nahant,Obama/ Biden,1374
Nahant,Romney/ Ryan,898
Nahant,Johnson/ Gray,13
Nahant,Stein/ Honkala,14
Nahant,All Others,5
Nantucket,Obama/ Biden,3830
Nantucket,Romney/ Ryan,2187
Nantucket,Johnson/ Gray,60
Nantucket,Stein/ Honkala,24
Nantucket,All Others,19
Natick,Obama/ Biden,11685
Natick,Romney/ Ryan,6792
Natick,Johnson/ Gray,157
Natick,Stein/ Honkala,116
Natick,All Others,25
Needham,Obama/ Biden,10452
Needham,Romney/ Ryan,6614
Needham,Johnson/ Gray,139
Needham,Stein/ Honkala,52
Needham,All Others,18
New Ashford,Obama/ Biden,107
New Ashford,Romney/ Ryan,40
New Ashford,Johnson/ Gray,5
New Ashford,Stein/ Honkala,1
New Ashford,All Others,0
New Bedford,Obama/ Biden,25253
New Bedford,Romney/ Ryan,7550
New Bedford,Johnson/ Gray,320
New Bedford,Stein/ Honkala,153
New Bedford,All Others,107
New Braintree,Obama/ Biden,284
New Braintree,Romney/ Ryan,257
New Braintree,Johnson/ Gray,12
New Braintree,Stein/ Honkala,7
New Braintree,All Others,0
New Marlborough,Obama/ Biden,573
New Marlborough,Romney/ Ryan,240
New Marlborough,Johnson/ Gray,15
New Marlborough,Stein/ Honkala,9
New Marlborough,All Others,1
New Salem,Obama/ Biden,381
New Salem,Romney/ Ryan,205
New Salem,Johnson/ Gray,9
New Salem,Stein/ Honkala,11
New Salem,All Others,1
Newbury,Obama/ Biden,2291
Newbury,Romney/ Ryan,2104
Newbury,Johnson/ Gray,36
Newbury,Stein/ Honkala,25
Newbury,All Others,11
Newburyport,Obama/ Biden,6794
Newburyport,Romney/ Ryan,4063
Newburyport,Johnson/ Gray,103
Newburyport,Stein/ Honkala,65
Newburyport,All Others,0
Newton,Obama/ Biden,32099
Newton,Romney/ Ryan,12154
Newton,Johnson/ Gray,353
Newton,Stein/ Honkala,357
Newton,All Others,76
Norfolk,Obama/ Biden,2433
Norfolk,Romney/ Ryan,3203
Norfolk,Johnson/ Gray,40
Norfolk,Stein/ Honkala,35
Norfolk,All Others,14
N. Adams,Obama/ Biden,4465
N. Adams,Romney/ Ryan,1152
N. Adams,Johnson/ Gray,73
N. Adams,Stein/ Honkala,68
N. Adams,All Others,18
N. Andover,Obama/ Biden,7073
N. Andover,Romney/ Ryan,8045
N. Andover,Johnson/ Gray,112
N. Andover,Stein/ Honkala,48
N. Andover,All Others,0
N. Attleborough,Obama/ Biden,6651
N. Attleborough,Romney/ Ryan,7359
N. Attleborough,Johnson/ Gray,166
N. Attleborough,Stein/ Honkala,48
N. Attleborough,All Others,29
N. Brookfield,Obama/ Biden,1051
N. Brookfield,Romney/ Ryan,1273
N. Brookfield,Johnson/ Gray,32
N. Brookfield,Stein/ Honkala,14
N. Brookfield,All Others,4
N. Reading,Obama/ Biden,3989
N. Reading,Romney/ Ryan,4642
N. Reading,Johnson/ Gray,87
N. Reading,Stein/ Honkala,27
N. Reading,All Others,14
Northampton,Obama/ Biden,13259
Northampton,Romney/ Ryan,2182
Northampton,Johnson/ Gray,124
Northampton,Stein/ Honkala,508
Northampton,All Others,33
Northborough,Obama/ Biden,4398
Northborough,Romney/ Ryan,3879
Northborough,Johnson/ Gray,95
Northborough,Stein/ Honkala,40
Northborough,All Others,18
Northbridge,Obama/ Biden,3445
Northbridge,Romney/ Ryan,4109
Northbridge,Johnson/ Gray,97
Northbridge,Stein/ Honkala,32
Northbridge,All Others,18
Northfield,Obama/ Biden,1115
Northfield,Romney/ Ryan,474
Northfield,Johnson/ Gray,16
Northfield,Stein/ Honkala,23
Northfield,All Others,2
Norton,Obama/ Biden,4475
Norton,Romney/ Ryan,4457
Norton,Johnson/ Gray,99
Norton,Stein/ Honkala,50
Norton,All Others,16
Norwell,Obama/ Biden,2729
Norwell,Romney/ Ryan,3688
Norwell,Johnson/ Gray,47
Norwell,Stein/ Honkala,16
Norwell,All Others,11
Norwood,Obama/ Biden,8235
Norwood,Romney/ Ryan,6389
Norwood,Johnson/ Gray,141
Norwood,Stein/ Honkala,69
Norwood,All Others,37
Oak Bluffs,Obama/ Biden,1969
Oak Bluffs,Romney/ Ryan,796
Oak Bluffs,Johnson/ Gray,15
Oak Bluffs,Stein/ Honkala,16
Oak Bluffs,All Others,2
Oakham,Obama/ Biden,509
Oakham,Romney/ Ryan,609
Oakham,Johnson/ Gray,20
Oakham,Stein/ Honkala,8
Oakham,All Others,0
Orange,Obama/ Biden,1818
Orange,Romney/ Ryan,1325
Orange,Johnson/ Gray,65
Orange,Stein/ Honkala,27
Orange,All Others,0
Orleans,Obama/ Biden,2530
Orleans,Romney/ Ryan,1943
Orleans,Johnson/ Gray,27
Orleans,Stein/ Honkala,23
Orleans,All Others,5
Otis,Obama/ Biden,489
Otis,Romney/ Ryan,312
Otis,Johnson/ Gray,18
Otis,Stein/ Honkala,11
Otis,All Others,1
Oxford,Obama/ Biden,3126
Oxford,Romney/ Ryan,3263
Oxford,Johnson/ Gray,75
Oxford,Stein/ Honkala,33
Oxford,All Others,23
Palmer,Obama/ Biden,3018
Palmer,Romney/ Ryan,2468
Palmer,Johnson/ Gray,91
Palmer,Stein/ Honkala,43
Palmer,All Others,21
Paxton,Obama/ Biden,1124
Paxton,Romney/ Ryan,1362
Paxton,Johnson/ Gray,15
Paxton,Stein/ Honkala,15
Paxton,All Others,3
Peabody,Obama/ Biden,15027
Peabody,Romney/ Ryan,11622
Peabody,Johnson/ Gray,194
Peabody,Stein/ Honkala,72
Peabody,All Others,84
Pelham,Obama/ Biden,728
Pelham,Romney/ Ryan,132
Pelham,Johnson/ Gray,6
Pelham,Stein/ Honkala,22
Pelham,All Others,1
Pembroke,Obama/ Biden,4583
Pembroke,Romney/ Ryan,5079
Pembroke,Johnson/ Gray,84
Pembroke,Stein/ Honkala,28
Pembroke,All Others,32
Pepperell,Obama/ Biden,2936
Pepperell,Romney/ Ryan,3426
Pepperell,Johnson/ Gray,91
Pepperell,Stein/ Honkala,30
Pepperell,All Others,18
Peru,Obama/ Biden,324
Peru,Romney/ Ryan,136
Peru,Johnson/ Gray,11
Peru,Stein/ Honkala,3
Peru,All Others,0
Petersham,Obama/ Biden,451
Petersham,Romney/ Ryan,338
Petersham,Johnson/ Gray,12
Petersham,Stein/ Honkala,13
Petersham,All Others,4
Phillipston,Obama/ Biden,464
Phillipston,Romney/ Ryan,469
Phillipston,Johnson/ Gray,12
Phillipston,Stein/ Honkala,6
Phillipston,All Others,0
Pittsfield,Obama/ Biden,15648
Pittsfield,Romney/ Ryan,4057
Pittsfield,Johnson/ Gray,205
Pittsfield,Stein/ Honkala,144
Pittsfield,All Others,11
Plainfield,Obama/ Biden,287
Plainfield,Romney/ Ryan,83
Plainfield,Johnson/ Gray,3
Plainfield,Stein/ Honkala,13
Plainfield,All Others,0
Plainville,Obama/ Biden,2087
Plainville,Romney/ Ryan,2281
Plainville,Johnson/ Gray,38
Plainville,Stein/ Honkala,22
Plainville,All Others,0
Plymouth,Obama/ Biden,15233
Plymouth,Romney/ Ryan,14347
Plymouth,Johnson/ Gray,261
Plymouth,Stein/ Honkala,111
Plymouth,All Others,80
Plympton,Obama/ Biden,780
Plympton,Romney/ Ryan,930
Plympton,Johnson/ Gray,19
Plympton,Stein/ Honkala,15
Plympton,All Others,2
Princeton,Obama/ Biden,1115
Princeton,Romney/ Ryan,1149
Princeton,Johnson/ Gray,32
Princeton,Stein/ Honkala,10
Princeton,All Others,2
Provincetown,Obama/ Biden,2121
Provincetown,Romney/ Ryan,210
Provincetown,Johnson/ Gray,19
Provincetown,Stein/ Honkala,30
Provincetown,All Others,4
Quincy,Obama/ Biden,24849
Quincy,Romney/ Ryan,14850
Quincy,Johnson/ Gray,393
Quincy,Stein/ Honkala,233
Quincy,All Others,131
Randolph,Obama/ Biden,11441
Randolph,Romney/ Ryan,3552
Randolph,Johnson/ Gray,93
Randolph,Stein/ Honkala,40
Randolph,All Others,23
Raynham,Obama/ Biden,3222
Raynham,Romney/ Ryan,3658
Raynham,Johnson/ Gray,76
Raynham,Stein/ Honkala,17
Raynham,All Others,0
Reading,Obama/ Biden,7515
Reading,Romney/ Ryan,6683
Reading,Johnson/ Gray,106
Reading,Stein/ Honkala,69
Reading,All Others,38
Rehoboth,Obama/ Biden,2914
Rehoboth,Romney/ Ryan,3247
Rehoboth,Johnson/ Gray,75
Rehoboth,Stein/ Honkala,24
Rehoboth,All Others,0
Revere,Obama/ Biden,11665
Revere,Romney/ Ryan,5921
Revere,Johnson/ Gray,135
Revere,Stein/ Honkala,75
Revere,All Others,36
Richmond,Obama/ Biden,702
Richmond,Romney/ Ryan,228
Richmond,Johnson/ Gray,6
Richmond,Stein/ Honkala,3
Richmond,All Others,0
Rochester,Obama/ Biden,1366
Rochester,Romney/ Ryan,1704
Rochester,Johnson/ Gray,46
Rochester,Stein/ Honkala,13
Rochester,All Others,2
Rockland,Obama/ Biden,4597
Rockland,Romney/ Ryan,4051
Rockland,Johnson/ Gray,91
Rockland,Stein/ Honkala,38
Rockland,All Others,28
Rockport,Obama/ Biden,2982
Rockport,Romney/ Ryan,1671
Rockport,Johnson/ Gray,62
Rockport,Stein/ Honkala,30
Rockport,All Others,8
Rowe,Obama/ Biden,140
Rowe,Romney/ Ryan,92
Rowe,Johnson/ Gray,4
Rowe,Stein/ Honkala,5
Rowe,All Others,0
Rowley,Obama/ Biden,1596
Rowley,Romney/ Ryan,1935
Rowley,Johnson/ Gray,36
Rowley,Stein/ Honkala,15
Rowley,All Others,5
Royalston,Obama/ Biden,391
Royalston,Romney/ Ryan,267
Royalston,Johnson/ Gray,8
Royalston,Stein/ Honkala,10
Royalston,All Others,2
Russell,Obama/ Biden,388
Russell,Romney/ Ryan,386
Russell,Johnson/ Gray,10
Russell,Stein/ Honkala,4
Russell,All Others,2
Rutland,Obama/ Biden,2075
Rutland,Romney/ Ryan,2332
Rutland,Johnson/ Gray,47
Rutland,Stein/ Honkala,24
Rutland,All Others,16
Salem,Obama/ Biden,13605
Salem,Romney/ Ryan,5725
Salem,Johnson/ Gray,229
Salem,Stein/ Honkala,148
Salem,All Others,31
Salisbury,Obama/ Biden,2280
Salisbury,Romney/ Ryan,1939
Salisbury,Johnson/ Gray,46
Salisbury,Stein/ Honkala,15
Salisbury,All Others,13
Sandisfield,Obama/ Biden,294
Sandisfield,Romney/ Ryan,154
Sandisfield,Johnson/ Gray,4
Sandisfield,Stein/ Honkala,3
Sandisfield,All Others,0
Sandwich,Obama/ Biden,5845
Sandwich,Romney/ Ryan,6511
Sandwich,Johnson/ Gray,96
Sandwich,Stein/ Honkala,45
Sandwich,All Others,12
Saugus,Obama/ Biden,6990
Saugus,Romney/ Ryan,6590
Saugus,Johnson/ Gray,111
Saugus,Stein/ Honkala,31
Saugus,All Others,18
Savoy,Obama/ Biden,241
Savoy,Romney/ Ryan,103
Savoy,Johnson/ Gray,8
Savoy,Stein/ Honkala,3
Savoy,All Others,1
Scituate,Obama/ Biden,5582
Scituate,Romney/ Ryan,5697
Scituate,Johnson/ Gray,91
Scituate,Stein/ Honkala,45
Scituate,All Others,10
Seekonk,Obama/ Biden,3788
Seekonk,Romney/ Ryan,3390
Seekonk,Johnson/ Gray,86
Seekonk,Stein/ Honkala,29
Seekonk,All Others,17
Sharon,Obama/ Biden,6564
Sharon,Romney/ Ryan,3665
Sharon,Johnson/ Gray,71
Sharon,Stein/ Honkala,50
Sharon,All Others,20
Sheffield,Obama/ Biden,1291
Sheffield,Romney/ Ryan,503
Sheffield,Johnson/ Gray,16
Sheffield,Stein/ Honkala,22
Sheffield,All Others,3
Shelburne,Obama/ Biden,873
Shelburne,Romney/ Ryan,226
Shelburne,Johnson/ Gray,11
Shelburne,Stein/ Honkala,24
Shelburne,All Others,10
Sherborn,Obama/ Biden,1452
Sherborn,Romney/ Ryan,1182
Sherborn,Johnson/ Gray,34
Sherborn,Stein/ Honkala,12
Sherborn,All Others,5
Shirley,Obama/ Biden,1554
Shirley,Romney/ Ryan,1483
Shirley,Johnson/ Gray,65
Shirley,Stein/ Honkala,30
Shirley,All Others,7
Shrewsbury,Obama/ Biden,9754
Shrewsbury,Romney/ Ryan,8180
Shrewsbury,Johnson/ Gray,164
Shrewsbury,Stein/ Honkala,63
Shrewsbury,All Others,36
Shutesbury,Obama/ Biden,1028
Shutesbury,Romney/ Ryan,156
Shutesbury,Johnson/ Gray,16
Shutesbury,Stein/ Honkala,50
Shutesbury,All Others,4
Somerset,Obama/ Biden,6134
Somerset,Romney/ Ryan,3697
Somerset,Johnson/ Gray,104
Somerset,Stein/ Honkala,40
Somerset,All Others,15
Somerville,Obama/ Biden,28853
Somerville,Romney/ Ryan,4885
Somerville,Johnson/ Gray,547
Somerville,Stein/ Honkala,761
Somerville,All Others,110
S. Hadley,Obama/ Biden,5437
S. Hadley,Romney/ Ryan,3273
S. Hadley,Johnson/ Gray,103
S. Hadley,Stein/ Honkala,52
S. Hadley,All Others,25
Southampton,Obama/ Biden,1866
Southampton,Romney/ Ryan,1590
Southampton,Johnson/ Gray,35
Southampton,Stein/ Honkala,38
Southampton,All Others,16
Southborough,Obama/ Biden,2956
Southborough,Romney/ Ryan,2791
Southborough,Johnson/ Gray,63
Southborough,Stein/ Honkala,24
Southborough,All Others,16
Southbridge,Obama/ Biden,4284
Southbridge,Romney/ Ryan,2295
Southbridge,Johnson/ Gray,80
Southbridge,Stein/ Honkala,42
Southbridge,All Others,17
Southwick,Obama/ Biden,2050
Southwick,Romney/ Ryan,2772
Southwick,Johnson/ Gray,53
Southwick,Stein/ Honkala,28
Southwick,All Others,18
Spencer,Obama/ Biden,2617
Spencer,Romney/ Ryan,2785
Spencer,Johnson/ Gray,99
Spencer,Stein/ Honkala,29
Spencer,All Others,20
Springfield,Obama/ Biden,43869
Springfield,Romney/ Ryan,10515
Springfield,Johnson/ Gray,361
Springfield,Stein/ Honkala,216
Springfield,All Others,108
Sterling,Obama/ Biden,2050
Sterling,Romney/ Ryan,2679
Sterling,Johnson/ Gray,63
Sterling,Stein/ Honkala,18
Sterling,All Others,5
Stockbridge,Obama/ Biden,945
Stockbridge,Romney/ Ryan,226
Stockbridge,Johnson/ Gray,22
Stockbridge,Stein/ Honkala,16
Stockbridge,All Others,1
Stoneham,Obama/ Biden,6696
Stoneham,Romney/ Ryan,5609
Stoneham,Johnson/ Gray,108
Stoneham,Stein/ Honkala,49
Stoneham,All Others,9
Stoughton,Obama/ Biden,8119
Stoughton,Romney/ Ryan,5594
Stoughton,Johnson/ Gray,132
Stoughton,Stein/ Honkala,48
Stoughton,All Others,28
Stow,Obama/ Biden,2354
Stow,Romney/ Ryan,1835
Stow,Johnson/ Gray,53
Stow,Stein/ Honkala,24
Stow,All Others,6
Sturbridge,Obama/ Biden,2534
Sturbridge,Romney/ Ryan,2624
Sturbridge,Johnson/ Gray,85
Sturbridge,Stein/ Honkala,32
Sturbridge,All Others,16
Sudbury,Obama/ Biden,6133
Sudbury,Romney/ Ryan,4387
Sudbury,Johnson/ Gray,75
Sudbury,Stein/ Honkala,43
Sudbury,All Others,18
Sunderland,Obama/ Biden,1366
Sunderland,Romney/ Ryan,404
Sunderland,Johnson/ Gray,39
Sunderland,Stein/ Honkala,56
Sunderland,All Others,3
Sutton,Obama/ Biden,2189
Sutton,Romney/ Ryan,3097
Sutton,Johnson/ Gray,59
Sutton,Stein/ Honkala,30
Sutton,All Others,12
Swampscott,Obama/ Biden,4936
Swampscott,Romney/ Ryan,3209
Swampscott,Johnson/ Gray,72
Swampscott,Stein/ Honkala,35
Swampscott,All Others,10
Swansea,Obama/ Biden,4516
Swansea,Romney/ Ryan,3277
Swansea,Johnson/ Gray,80
Swansea,Stein/ Honkala,22
Swansea,All Others,0
Taunton,Obama/ Biden,13769
Taunton,Romney/ Ryan,8925
Taunton,Johnson/ Gray,279
Taunton,Stein/ Honkala,83
Taunton,All Others,56
Templeton,Obama/ Biden,1860
Templeton,Romney/ Ryan,1857
Templeton,Johnson/ Gray,44
Templeton,Stein/ Honkala,25
Templeton,All Others,9
Tewksbury,Obama/ Biden,7578
Tewksbury,Romney/ Ryan,8360
Tewksbury,Johnson/ Gray,144
Tewksbury,Stein/ Honkala,67
Tewksbury,All Others,56
Tisbury,Obama/ Biden,1845
Tisbury,Romney/ Ryan,595
Tisbury,Johnson/ Gray,16
Tisbury,Stein/ Honkala,29
Tisbury,All Others,11
Tolland,Obama/ Biden,110
Tolland,Romney/ Ryan,155
Tolland,Johnson/ Gray,7
Tolland,Stein/ Honkala,6
Tolland,All Others,1
Topsfield,Obama/ Biden,1801
Topsfield,Romney/ Ryan,2164
Topsfield,Johnson/ Gray,32
Topsfield,Stein/ Honkala,14
Topsfield,All Others,8
Townsend,Obama/ Biden,2088
Townsend,Romney/ Ryan,2728
Townsend,Johnson/ Gray,88
Townsend,Stein/ Honkala,23
Townsend,All Others,0
Truro,Obama/ Biden,1043
Truro,Romney/ Ryan,399
Truro,Johnson/ Gray,18
Truro,Stein/ Honkala,9
Truro,All Others,1
Tyngsborough,Obama/ Biden,2840
Tyngsborough,Romney/ Ryan,3363
Tyngsborough,Johnson/ Gray,77
Tyngsborough,Stein/ Honkala,18
Tyngsborough,All Others,10
Tyringham,Obama/ Biden,173
Tyringham,Romney/ Ryan,85
Tyringham,Johnson/ Gray,0
Tyringham,Stein/ Honkala,0
Tyringham,All Others,0
Upton,Obama/ Biden,1995
Upton,Romney/ Ryan,2142
Upton,Johnson/ Gray,61
Upton,Stein/ Honkala,22
Upton,All Others,11
Uxbridge,Obama/ Biden,3321
Uxbridge,Romney/ Ryan,3728
Uxbridge,Johnson/ Gray,97
Uxbridge,Stein/ Honkala,30
Uxbridge,All Others,21
Wakefield,Obama/ Biden,7515
Wakefield,Romney/ Ryan,6820
Wakefield,Johnson/ Gray,134
Wakefield,Stein/ Honkala,52
Wakefield,All Others,38
Wales,Obama/ Biden,482
Wales,Romney/ Ryan,434
Wales,Johnson/ Gray,11
Wales,Stein/ Honkala,3
Wales,All Others,5
Walpole,Obama/ Biden,6385
Walpole,Romney/ Ryan,7466
Walpole,Johnson/ Gray,122
Walpole,Stein/ Honkala,46
Walpole,All Others,28
Waltham,Obama/ Biden,15906
Waltham,Romney/ Ryan,8856
Waltham,Johnson/ Gray,293
Waltham,Stein/ Honkala,214
Waltham,All Others,47
Ware,Obama/ Biden,2393
Ware,Romney/ Ryan,1789
Ware,Johnson/ Gray,54
Ware,Stein/ Honkala,23
Ware,All Others,18
Wareham,Obama/ Biden,6098
Wareham,Romney/ Ryan,4650
Wareham,Johnson/ Gray,107
Wareham,Stein/ Honkala,49
Wareham,All Others,37
Warren,Obama/ Biden,1219
Warren,Romney/ Ryan,1002
Warren,Johnson/ Gray,60
Warren,Stein/ Honkala,22
Warren,All Others,14
Warwick,Obama/ Biden,334
Warwick,Romney/ Ryan,109
Warwick,Johnson/ Gray,5
Warwick,Stein/ Honkala,5
Warwick,All Others,2
Washington,Obama/ Biden,239
Washington,Romney/ Ryan,69
Washington,Johnson/ Gray,4
Washington,Stein/ Honkala,3
Washington,All Others,1
Watertown,Obama/ Biden,11912
Watertown,Romney/ Ryan,4526
Watertown,Johnson/ Gray,170
Watertown,Stein/ Honkala,155
Watertown,All Others,37
Wayland,Obama/ Biden,5170
Wayland,Romney/ Ryan,2976
Wayland,Johnson/ Gray,71
Wayland,Stein/ Honkala,61
Wayland,All Others,11
Webster,Obama/ Biden,3476
Webster,Romney/ Ryan,3116
Webster,Johnson/ Gray,82
Webster,Stein/ Honkala,37
Webster,All Others,19
Wellesley,Obama/ Biden,8530
Wellesley,Romney/ Ryan,6264
Wellesley,Johnson/ Gray,103
Wellesley,Stein/ Honkala,64
Wellesley,All Others,0
Wellfleet,Obama/ Biden,1569
Wellfleet,Romney/ Ryan,619
Wellfleet,Johnson/ Gray,28
Wellfleet,Stein/ Honkala,27
Wellfleet,All Others,1
Wendell,Obama/ Biden,427
Wendell,Romney/ Ryan,70
Wendell,Johnson/ Gray,17
Wendell,Stein/ Honkala,43
Wendell,All Others,0
Wenham,Obama/ Biden,1060
Wenham,Romney/ Ryan,1266
Wenham,Johnson/ Gray,27
Wenham,Stein/ Honkala,9
Wenham,All Others,0
W. Boylston,Obama/ Biden,2046
W. Boylston,Romney/ Ryan,2091
W. Boylston,Johnson/ Gray,41
W. Boylston,Stein/ Honkala,14
W. Boylston,All Others,2
W. Bridgewater,Obama/ Biden,1735
W. Bridgewater,Romney/ Ryan,2171
W. Bridgewater,Johnson/ Gray,28
W. Bridgewater,Stein/ Honkala,24
W. Bridgewater,All Others,0
W. Brookfield,Obama/ Biden,965
W. Brookfield,Romney/ Ryan,951
W. Brookfield,Johnson/ Gray,22
W. Brookfield,Stein/ Honkala,10
W. Brookfield,All Others,1
W. Newbury,Obama/ Biden,1390
W. Newbury,Romney/ Ryan,1349
W. Newbury,Johnson/ Gray,29
W. Newbury,Stein/ Honkala,8
W. Newbury,All Others,7
W. Springfield,Obama/ Biden,6175
W. Springfield,Romney/ Ryan,5172
W. Springfield,Johnson/ Gray,111
W. Springfield,Stein/ Honkala,65
W. Springfield,All Others,20
W. Stockbridge,Obama/ Biden,707
W. Stockbridge,Romney/ Ryan,161
W. Stockbridge,Johnson/ Gray,12
W. Stockbridge,Stein/ Honkala,6
W. Stockbridge,All Others,0
W. Tisbury,Obama/ Biden,1573
W. Tisbury,Romney/ Ryan,373
W. Tisbury,Johnson/ Gray,17
W. Tisbury,Stein/ Honkala,16
W. Tisbury,All Others,6
Westborough,Obama/ Biden,5089
Westborough,Romney/ Ryan,3897
Westborough,Johnson/ Gray,79
Westborough,Stein/ Honkala,59
Westborough,All Others,23
Westfield,Obama/ Biden,9281
Westfield,Romney/ Ryan,8218
Westfield,Johnson/ Gray,213
Westfield,Stein/ Honkala,120
Westfield,All Others,50
Westford,Obama/ Biden,6406
Westford,Romney/ Ryan,6309
Westford,Johnson/ Gray,156
Westford,Stein/ Honkala,57
Westford,All Others,14
Westhampton,Obama/ Biden,639
Westhampton,Romney/ Ryan,385
Westhampton,Johnson/ Gray,16
Westhampton,Stein/ Honkala,18
Westhampton,All Others,1
Westminster,Obama/ Biden,1947
Westminster,Romney/ Ryan,2248
Westminster,Johnson/ Gray,49
Westminster,Stein/ Honkala,42
Westminster,All Others,8
Weston,Obama/ Biden,3430
Weston,Romney/ Ryan,3177
Weston,Johnson/ Gray,45
Weston,Stein/ Honkala,27
Weston,All Others,16
Westport,Obama/ Biden,5095
Westport,Romney/ Ryan,3386
Westport,Johnson/ Gray,102
Westport,Stein/ Honkala,40
Westport,All Others,0
Westwood,Obama/ Biden,4393
Westwood,Romney/ Ryan,4575
Westwood,Johnson/ Gray,70
Westwood,Stein/ Honkala,38
Westwood,All Others,12
Weymouth,Obama/ Biden,15166
Weymouth,Romney/ Ryan,12362
Weymouth,Johnson/ Gray,226
Weymouth,Stein/ Honkala,139
Weymouth,All Others,92
Whately,Obama/ Biden,627
Whately,Romney/ Ryan,301
Whately,Johnson/ Gray,14
Whately,Stein/ Honkala,19
Whately,All Others,0
Whitman,Obama/ Biden,3655
Whitman,Romney/ Ryan,3656
Whitman,Johnson/ Gray,74
Whitman,Stein/ Honkala,43
Whitman,All Others,29
Wilbraham,Obama/ Biden,3746
Wilbraham,Romney/ Ryan,4334
Wilbraham,Johnson/ Gray,87
Wilbraham,Stein/ Honkala,41
Wilbraham,All Others,10
Williamsburg,Obama/ Biden,1240
Williamsburg,Romney/ Ryan,325
Williamsburg,Johnson/ Gray,17
Williamsburg,Stein/ Honkala,43
Williamsburg,All Others,3
Williamstown,Obama/ Biden,3070
Williamstown,Romney/ Ryan,646
Williamstown,Johnson/ Gray,37
Williamstown,Stein/ Honkala,36
Williamstown,All Others,8
Wilmington,Obama/ Biden,5904
Wilmington,Romney/ Ryan,6452
Wilmington,Johnson/ Gray,120
Wilmington,Stein/ Honkala,42
Wilmington,All Others,35
Winchendon,Obama/ Biden,2142
Winchendon,Romney/ Ryan,1933
Winchendon,Johnson/ Gray,59
Winchendon,Stein/ Honkala,26
Winchendon,All Others,22
Winchester,Obama/ Biden,7107
Winchester,Romney/ Ryan,5635
Winchester,Johnson/ Gray,103
Winchester,Stein/ Honkala,64
Winchester,All Others,28
Windsor,Obama/ Biden,385
Windsor,Romney/ Ryan,127
Windsor,Johnson/ Gray,2
Windsor,Stein/ Honkala,8
Windsor,All Others,3
Winthrop,Obama/ Biden,5239
Winthrop,Romney/ Ryan,3578
Winthrop,Johnson/ Gray,64
Winthrop,Stein/ Honkala,46
Winthrop,All Others,27
Woburn,Obama/ Biden,10385
Woburn,Romney/ Ryan,8730
Woburn,Johnson/ Gray,162
Woburn,Stein/ Honkala,83
Woburn,All Others,26
Worcester,Obama/ Biden,42210
Worcester,Romney/ Ryan,17949
Worcester,Johnson/ Gray,613
Worcester,Stein/ Honkala,445
Worcester,All Others,176
Worthington,Obama/ Biden,481
Worthington,Romney/ Ryan,208
Worthington,Johnson/ Gray,11
Worthington,Stein/ Honkala,24
Worthington,All Others,2
Wrentham,Obama/ Biden,2718
Wrentham,Romney/ Ryan,3542
Wrentham,Johnson/ Gray,57
Wrentham,Stein/ Honkala,32
Wrentham,All Others,8
Yarmouth,Obama/ Biden,7198
Yarmouth,Romney/ Ryan,6541
Yarmouth,Johnson/ Gray,87
Yarmouth,Stein/ Honkala,76
Yarmouth,All Others,15
