precinct,candidate,votes
01-135 Chena Lakes,Johnson,32
01-135 Chena Lakes,Obama,192
01-135 Chena Lakes,Romney,854
01-135 Chena Lakes,Stein,6
01-135 Chena Lakes,Write-In,9
01-145 Eielson,Johnson,5
01-145 Eielson,Obama,109
01-145 Eielson,Romney,369
01-145 Eielson,Stein,1
01-145 Eielson,Write-In,9
01-155 Moose Creek,Johnson,13
01-155 Moose Creek,Obama,43
01-155 Moose Creek,Romney,162
01-155 Moose Creek,Stein,1
01-155 Moose Creek,Write-In,4
01-165 Newby,Johnson,39
01-165 Newby,Obama,213
01-165 Newby,Romney,1009
01-165 Newby,Stein,6
01-165 Newby,Write-In,10
01-175 North Pole,Johnson,13
01-175 North Pole,Obama,156
01-175 North Pole,Romney,494
01-175 North Pole,Stein,1
01-175 North Pole,Write-In,3
01-183 Plack,Johnson,27
01-183 Plack,Obama,166
01-183 Plack,Romney,842
01-183 Plack,Stein,3
01-183 Plack,Write-In,11
01-195 Salcha No. 1,Johnson,5
01-195 Salcha No. 1,Obama,45
01-195 Salcha No. 1,Romney,215
01-195 Salcha No. 1,Stein,3
01-195 Salcha No. 1,Write-In,6
01-Absentee,Johnson,39
01-Absentee,Obama,340
01-Absentee,Romney,1267
01-Absentee,Stein,12
01-Absentee,Write-In,12
01-Early Voting,Johnson,11
01-Early Voting,Obama,128
01-Early Voting,Romney,372
01-Early Voting,Stein,1
01-Early Voting,Write-In,2
01-Question,Johnson,12
01-Question,Obama,126
01-Question,Romney,315
01-Question,Stein,4
01-Question,Write-In,5
02-235 Badger No. 1,Johnson,25
02-235 Badger No. 1,Obama,202
02-235 Badger No. 1,Romney,695
02-235 Badger No. 1,Stein,7
02-235 Badger No. 1,Write-In,12
02-245 Fox,Johnson,13
02-245 Fox,Obama,146
02-245 Fox,Romney,357
02-245 Fox,Stein,3
02-245 Fox,Write-In,15
02-255 Steele Creek/Gilmore,Johnson,38
02-255 Steele Creek/Gilmore,Obama,360
02-255 Steele Creek/Gilmore,Romney,653
02-255 Steele Creek/Gilmore,Stein,15
02-255 Steele Creek/Gilmore,Write-In,14
02-265 Steese East,Johnson,32
02-265 Steese East,Obama,275
02-265 Steese East,Romney,662
02-265 Steese East,Stein,7
02-265 Steese East,Write-In,9
02-270 Steese West,Johnson,42
02-270 Steese West,Obama,734
02-270 Steese West,Romney,1081
02-270 Steese West,Stein,24
02-270 Steese West,Write-In,17
02-275 Two Rivers,Johnson,23
02-275 Two Rivers,Obama,131
02-275 Two Rivers,Romney,353
02-275 Two Rivers,Stein,6
02-275 Two Rivers,Write-In,13
02-Absentee,Johnson,37
02-Absentee,Obama,447
02-Absentee,Romney,795
02-Absentee,Stein,13
02-Absentee,Write-In,14
02-Early Voting,Johnson,22
02-Early Voting,Obama,657
02-Early Voting,Romney,667
02-Early Voting,Stein,9
02-Early Voting,Write-In,15
02-Question,Johnson,12
02-Question,Obama,144
02-Question,Romney,246
02-Question,Stein,5
02-Question,Write-In,11
03-345 Badger No. 2,Johnson,33
03-345 Badger No. 2,Obama,214
03-345 Badger No. 2,Romney,546
03-345 Badger No. 2,Stein,11
03-345 Badger No. 2,Write-In,13
03-355 Fairbanks No. 8,Johnson,15
03-355 Fairbanks No. 8,Obama,244
03-355 Fairbanks No. 8,Romney,345
03-355 Fairbanks No. 8,Stein,5
03-355 Fairbanks No. 8,Write-In,10
03-365 Fairbanks No. 9,Johnson,26
03-365 Fairbanks No. 9,Obama,366
03-365 Fairbanks No. 9,Romney,622
03-365 Fairbanks No. 9,Stein,8
03-365 Fairbanks No. 9,Write-In,12
03-375 Fort Wainwright,Johnson,19
03-375 Fort Wainwright,Obama,177
03-375 Fort Wainwright,Romney,386
03-375 Fort Wainwright,Stein,2
03-375 Fort Wainwright,Write-In,2
03-385 Richardson,Johnson,9
03-385 Richardson,Obama,108
03-385 Richardson,Romney,397
03-385 Richardson,Stein,5
03-385 Richardson,Write-In,12
03-Absentee,Johnson,22
03-Absentee,Obama,416
03-Absentee,Romney,782
03-Absentee,Stein,3
03-Absentee,Write-In,13
03-Early Voting,Johnson,6
03-Early Voting,Obama,237
03-Early Voting,Romney,267
03-Early Voting,Stein,0
03-Early Voting,Write-In,1
03-Question,Johnson,25
03-Question,Obama,272
03-Question,Romney,424
03-Question,Stein,3
03-Question,Write-In,11
04-446 Aurora,Johnson,23
04-446 Aurora,Obama,377
04-446 Aurora,Romney,543
04-446 Aurora,Stein,4
04-446 Aurora,Write-In,19
04-455 Fairbanks No. 1,Johnson,12
04-455 Fairbanks No. 1,Obama,81
04-455 Fairbanks No. 1,Romney,110
04-455 Fairbanks No. 1,Stein,3
04-455 Fairbanks No. 1,Write-In,2
04-465 Fairbanks No. 2,Johnson,11
04-465 Fairbanks No. 2,Obama,150
04-465 Fairbanks No. 2,Romney,161
04-465 Fairbanks No. 2,Stein,5
04-465 Fairbanks No. 2,Write-In,5
04-470 Fairbanks No. 3,Johnson,15
04-470 Fairbanks No. 3,Obama,228
04-470 Fairbanks No. 3,Romney,254
04-470 Fairbanks No. 3,Stein,5
04-470 Fairbanks No. 3,Write-In,2
04-475 Fairbanks No. 4,Johnson,14
04-475 Fairbanks No. 4,Obama,126
04-475 Fairbanks No. 4,Romney,162
04-475 Fairbanks No. 4,Stein,2
04-475 Fairbanks No. 4,Write-In,0
04-480 Fairbanks No. 5,Johnson,24
04-480 Fairbanks No. 5,Obama,290
04-480 Fairbanks No. 5,Romney,496
04-480 Fairbanks No. 5,Stein,7
04-480 Fairbanks No. 5,Write-In,8
04-485 Fairbanks No. 6,Johnson,11
04-485 Fairbanks No. 6,Obama,162
04-485 Fairbanks No. 6,Romney,183
04-485 Fairbanks No. 6,Stein,3
04-485 Fairbanks No. 6,Write-In,6
04-490 Fairbanks No. 7,Johnson,19
04-490 Fairbanks No. 7,Obama,272
04-490 Fairbanks No. 7,Romney,244
04-490 Fairbanks No. 7,Stein,7
04-490 Fairbanks No. 7,Write-In,4
04-495 Fairbanks No. 10,Johnson,5
04-495 Fairbanks No. 10,Obama,78
04-495 Fairbanks No. 10,Romney,129
04-495 Fairbanks No. 10,Stein,5
04-495 Fairbanks No. 10,Write-In,3
04-499 Lakeview,Johnson,9
04-499 Lakeview,Obama,45
04-499 Lakeview,Romney,127
04-499 Lakeview,Stein,0
04-499 Lakeview,Write-In,3
04-Absentee,Johnson,26
04-Absentee,Obama,392
04-Absentee,Romney,590
04-Absentee,Stein,5
04-Absentee,Write-In,9
04-Early Voting,Johnson,16
04-Early Voting,Obama,426
04-Early Voting,Romney,322
04-Early Voting,Stein,7
04-Early Voting,Write-In,3
04-Question,Johnson,20
04-Question,Obama,237
04-Question,Romney,265
04-Question,Stein,7
04-Question,Write-In,8
05-580 Airport,Johnson,5
05-580 Airport,Obama,44
05-580 Airport,Romney,116
05-580 Airport,Stein,3
05-580 Airport,Write-In,0
05-582 Chena,Johnson,58
05-582 Chena,Obama,828
05-582 Chena,Romney,917
05-582 Chena,Stein,27
05-582 Chena,Write-In,22
05-584 Farmers Loop,Johnson,19
05-584 Farmers Loop,Obama,325
05-584 Farmers Loop,Romney,228
05-584 Farmers Loop,Stein,10
05-584 Farmers Loop,Write-In,7
05-586 Geist,Johnson,16
05-586 Geist,Obama,328
05-586 Geist,Romney,371
05-586 Geist,Stein,8
05-586 Geist,Write-In,11
05-588 Pike,Johnson,6
05-588 Pike,Obama,89
05-588 Pike,Romney,140
05-588 Pike,Stein,1
05-588 Pike,Write-In,3
05-590 Salcha No. 2,Johnson,7
05-590 Salcha No. 2,Obama,14
05-590 Salcha No. 2,Romney,137
05-590 Salcha No. 2,Stein,0
05-590 Salcha No. 2,Write-In,1
05-592 Shanly,Johnson,19
05-592 Shanly,Obama,195
05-592 Shanly,Romney,197
05-592 Shanly,Stein,7
05-592 Shanly,Write-In,9
05-594 University Campus,Johnson,10
05-594 University Campus,Obama,128
05-594 University Campus,Romney,47
05-594 University Campus,Stein,10
05-594 University Campus,Write-In,5
05-596 University West,Johnson,27
05-596 University West,Obama,433
05-596 University West,Romney,644
05-596 University West,Stein,11
05-596 University West,Write-In,11
05-Absentee,Johnson,55
05-Absentee,Obama,614
05-Absentee,Romney,656
05-Absentee,Stein,27
05-Absentee,Write-In,17
05-Early Voting,Johnson,14
05-Early Voting,Obama,478
05-Early Voting,Romney,395
05-Early Voting,Stein,11
05-Early Voting,Write-In,5
05-Question,Johnson,16
05-Question,Obama,168
05-Question,Romney,179
05-Question,Stein,8
05-Question,Write-In,6
06-600 Big Delta,Johnson,25
06-600 Big Delta,Obama,166
06-600 Big Delta,Romney,873
06-600 Big Delta,Stein,8
06-600 Big Delta,Write-In,23
06-608 Delta Junction,Johnson,9
06-608 Delta Junction,Obama,57
06-608 Delta Junction,Romney,261
06-608 Delta Junction,Stein,2
06-608 Delta Junction,Write-In,2
06-622 Farm Loop,Johnson,16
06-622 Farm Loop,Obama,123
06-622 Farm Loop,Romney,258
06-622 Farm Loop,Stein,4
06-622 Farm Loop,Write-In,11
06-628 Fishhook,Johnson,38
06-628 Fishhook,Obama,317
06-628 Fishhook,Romney,911
06-628 Fishhook,Stein,4
06-628 Fishhook,Write-In,10
06-632 Glennallen,Johnson,12
06-632 Glennallen,Obama,57
06-632 Glennallen,Romney,216
06-632 Glennallen,Stein,1
06-632 Glennallen,Write-In,7
06-640 Sheep Mountain,Johnson,0
06-640 Sheep Mountain,Obama,22
06-640 Sheep Mountain,Romney,82
06-640 Sheep Mountain,Stein,1
06-640 Sheep Mountain,Write-In,1
06-645 Sutton,Johnson,13
06-645 Sutton,Obama,162
06-645 Sutton,Romney,279
06-645 Sutton,Stein,8
06-645 Sutton,Write-In,3
06-650 Valdez No. 1,Johnson,7
06-650 Valdez No. 1,Obama,173
06-650 Valdez No. 1,Romney,289
06-650 Valdez No. 1,Stein,4
06-650 Valdez No. 1,Write-In,11
06-655 Valdez No. 2,Johnson,16
06-655 Valdez No. 2,Obama,106
06-655 Valdez No. 2,Romney,193
06-655 Valdez No. 2,Stein,2
06-655 Valdez No. 2,Write-In,5
06-660 Valdez No. 3,Johnson,19
06-660 Valdez No. 3,Obama,176
06-660 Valdez No. 3,Romney,235
06-660 Valdez No. 3,Stein,5
06-660 Valdez No. 3,Write-In,5
06-Absentee,Johnson,47
06-Absentee,Obama,660
06-Absentee,Romney,1328
06-Absentee,Stein,22
06-Absentee,Write-In,22
06-Early Voting,Johnson,0
06-Early Voting,Obama,3
06-Early Voting,Romney,16
06-Early Voting,Stein,0
06-Early Voting,Write-In,0
06-Question,Johnson,22
06-Question,Obama,123
06-Question,Romney,313
06-Question,Stein,2
06-Question,Write-In,7
07-005 Kings Lake,Johnson,20
07-005 Kings Lake,Obama,159
07-005 Kings Lake,Romney,489
07-005 Kings Lake,Stein,3
07-005 Kings Lake,Write-In,8
07-010 Church,Johnson,17
07-010 Church,Obama,121
07-010 Church,Romney,474
07-010 Church,Stein,2
07-010 Church,Write-In,4
07-015 Tanaina,Johnson,12
07-015 Tanaina,Obama,195
07-015 Tanaina,Romney,593
07-015 Tanaina,Stein,5
07-015 Tanaina,Write-In,16
07-020 Houston,Johnson,13
07-020 Houston,Obama,118
07-020 Houston,Romney,342
07-020 Houston,Stein,4
07-020 Houston,Write-In,6
07-025 Meadow Lakes No. 1,Johnson,27
07-025 Meadow Lakes No. 1,Obama,91
07-025 Meadow Lakes No. 1,Romney,404
07-025 Meadow Lakes No. 1,Stein,0
07-025 Meadow Lakes No. 1,Write-In,9
07-030 Susitna,Johnson,19
07-030 Susitna,Obama,93
07-030 Susitna,Romney,261
07-030 Susitna,Stein,6
07-030 Susitna,Write-In,2
07-035 Talkeetna,Johnson,13
07-035 Talkeetna,Obama,170
07-035 Talkeetna,Romney,151
07-035 Talkeetna,Stein,17
07-035 Talkeetna,Write-In,3
07-040 Trapper Creek,Johnson,13
07-040 Trapper Creek,Obama,39
07-040 Trapper Creek,Romney,92
07-040 Trapper Creek,Stein,1
07-040 Trapper Creek,Write-In,3
07-045 Willow,Johnson,21
07-045 Willow,Obama,219
07-045 Willow,Romney,513
07-045 Willow,Stein,6
07-045 Willow,Write-In,6
07-Absentee,Johnson,28
07-Absentee,Obama,435
07-Absentee,Romney,973
07-Absentee,Stein,14
07-Absentee,Write-In,14
07-Early Voting,Johnson,14
07-Early Voting,Obama,222
07-Early Voting,Romney,611
07-Early Voting,Stein,0
07-Early Voting,Write-In,8
07-Question,Johnson,13
07-Question,Obama,100
07-Question,Romney,344
07-Question,Stein,14
07-Question,Write-In,5
08-055 Walby,Johnson,10
08-055 Walby,Obama,172
08-055 Walby,Romney,582
08-055 Walby,Stein,4
08-055 Walby,Write-In,6
08-060 Greater Palmer,Johnson,15
08-060 Greater Palmer,Obama,204
08-060 Greater Palmer,Romney,542
08-060 Greater Palmer,Stein,3
08-060 Greater Palmer,Write-In,5
08-065 Mat-Su Campus,Johnson,11
08-065 Mat-Su Campus,Obama,124
08-065 Mat-Su Campus,Romney,399
08-065 Mat-Su Campus,Stein,4
08-065 Mat-Su Campus,Write-In,6
08-070 Palmer City No. 1,Johnson,23
08-070 Palmer City No. 1,Obama,251
08-070 Palmer City No. 1,Romney,493
08-070 Palmer City No. 1,Stein,9
08-070 Palmer City No. 1,Write-In,10
08-075 Palmer City No. 2,Johnson,25
08-075 Palmer City No. 2,Obama,178
08-075 Palmer City No. 2,Romney,467
08-075 Palmer City No. 2,Stein,8
08-075 Palmer City No. 2,Write-In,9
08-080 Palmer Fishhook,Johnson,7
08-080 Palmer Fishhook,Obama,65
08-080 Palmer Fishhook,Romney,231
08-080 Palmer Fishhook,Stein,3
08-080 Palmer Fishhook,Write-In,1
08-085 Trunk,Johnson,12
08-085 Trunk,Obama,111
08-085 Trunk,Romney,435
08-085 Trunk,Stein,3
08-085 Trunk,Write-In,3
08-090 Seward Meridian,Johnson,14
08-090 Seward Meridian,Obama,85
08-090 Seward Meridian,Romney,330
08-090 Seward Meridian,Stein,0
08-090 Seward Meridian,Write-In,8
08-095 Springer Loop,Johnson,17
08-095 Springer Loop,Obama,146
08-095 Springer Loop,Romney,420
08-095 Springer Loop,Stein,3
08-095 Springer Loop,Write-In,4
08-Absentee,Johnson,38
08-Absentee,Obama,420
08-Absentee,Romney,1092
08-Absentee,Stein,10
08-Absentee,Write-In,12
08-Early Voting,Johnson,5
08-Early Voting,Obama,139
08-Early Voting,Romney,376
08-Early Voting,Stein,5
08-Early Voting,Write-In,3
08-Question,Johnson,25
08-Question,Obama,188
08-Question,Romney,459
08-Question,Stein,8
08-Question,Write-In,4
09-100 Lakes,Johnson,13
09-100 Lakes,Obama,157
09-100 Lakes,Romney,528
09-100 Lakes,Stein,2
09-100 Lakes,Write-In,11
09-105 Pioneer Peak,Johnson,17
09-105 Pioneer Peak,Obama,126
09-105 Pioneer Peak,Romney,481
09-105 Pioneer Peak,Stein,3
09-105 Pioneer Peak,Write-In,3
09-110 Schrock,Johnson,13
09-110 Schrock,Obama,119
09-110 Schrock,Romney,517
09-110 Schrock,Stein,5
09-110 Schrock,Write-In,7
09-115 Wasilla Lake,Johnson,14
09-115 Wasilla Lake,Obama,104
09-115 Wasilla Lake,Romney,276
09-115 Wasilla Lake,Stein,1
09-115 Wasilla Lake,Write-In,8
09-120 Wasilla No. 1,Johnson,25
09-120 Wasilla No. 1,Obama,248
09-120 Wasilla No. 1,Romney,852
09-120 Wasilla No. 1,Stein,9
09-120 Wasilla No. 1,Write-In,12
09-125 Wasilla No. 2,Johnson,26
09-125 Wasilla No. 2,Obama,231
09-125 Wasilla No. 2,Romney,606
09-125 Wasilla No. 2,Stein,12
09-125 Wasilla No. 2,Write-In,18
09-Absentee,Johnson,24
09-Absentee,Obama,240
09-Absentee,Romney,867
09-Absentee,Stein,11
09-Absentee,Write-In,11
09-Early Voting,Johnson,28
09-Early Voting,Obama,334
09-Early Voting,Romney,945
09-Early Voting,Stein,4
09-Early Voting,Write-In,4
09-Question,Johnson,17
09-Question,Obama,108
09-Question,Romney,360
09-Question,Stein,3
09-Question,Write-In,8
10-130 Meadow Lakes No. 2,Johnson,16
10-130 Meadow Lakes No. 2,Obama,97
10-130 Meadow Lakes No. 2,Romney,330
10-130 Meadow Lakes No. 2,Stein,6
10-130 Meadow Lakes No. 2,Write-In,6
10-135 Meadow Lakes No. 3,Johnson,28
10-135 Meadow Lakes No. 3,Obama,178
10-135 Meadow Lakes No. 3,Romney,597
10-135 Meadow Lakes No. 3,Stein,12
10-135 Meadow Lakes No. 3,Write-In,12
10-140 Knik Goose Bay No. 1,Johnson,9
10-140 Knik Goose Bay No. 1,Obama,143
10-140 Knik Goose Bay No. 1,Romney,656
10-140 Knik Goose Bay No. 1,Stein,5
10-140 Knik Goose Bay No. 1,Write-In,16
10-145 Knik Goose Bay No. 2,Johnson,11
10-145 Knik Goose Bay No. 2,Obama,104
10-145 Knik Goose Bay No. 2,Romney,439
10-145 Knik Goose Bay No. 2,Stein,4
10-145 Knik Goose Bay No. 2,Write-In,4
10-150 Knik Goose Bay No. 3,Johnson,18
10-150 Knik Goose Bay No. 3,Obama,178
10-150 Knik Goose Bay No. 3,Romney,609
10-150 Knik Goose Bay No. 3,Stein,5
10-150 Knik Goose Bay No. 3,Write-In,9
10-155 Big Lake,Johnson,38
10-155 Big Lake,Obama,197
10-155 Big Lake,Romney,720
10-155 Big Lake,Stein,5
10-155 Big Lake,Write-In,11
10-Absentee,Johnson,22
10-Absentee,Obama,184
10-Absentee,Romney,698
10-Absentee,Stein,5
10-Absentee,Write-In,10
10-Early Voting,Johnson,5
10-Early Voting,Obama,173
10-Early Voting,Romney,538
10-Early Voting,Stein,5
10-Early Voting,Write-In,11
10-Question,Johnson,9
10-Question,Obama,90
10-Question,Romney,341
10-Question,Stein,5
10-Question,Write-In,11
11-200 Fairview No. 1,Johnson,9
11-200 Fairview No. 1,Obama,69
11-200 Fairview No. 1,Romney,272
11-200 Fairview No. 1,Stein,1
11-200 Fairview No. 1,Write-In,6
11-205 Fairview No. 2,Johnson,14
11-205 Fairview No. 2,Obama,132
11-205 Fairview No. 2,Romney,377
11-205 Fairview No. 2,Stein,3
11-205 Fairview No. 2,Write-In,5
11-210 Snowshoe,Johnson,15
11-210 Snowshoe,Obama,133
11-210 Snowshoe,Romney,447
11-210 Snowshoe,Stein,6
11-210 Snowshoe,Write-In,10
11-215 Lazy Mountain,Johnson,30
11-215 Lazy Mountain,Obama,281
11-215 Lazy Mountain,Romney,722
11-215 Lazy Mountain,Stein,9
11-215 Lazy Mountain,Write-In,17
11-220 Butte,Johnson,16
11-220 Butte,Obama,261
11-220 Butte,Romney,748
11-220 Butte,Stein,7
11-220 Butte,Write-In,14
11-225 Eklutna,Johnson,24
11-225 Eklutna,Obama,342
11-225 Eklutna,Romney,784
11-225 Eklutna,Stein,9
11-225 Eklutna,Write-In,14
11-230 Peters Creek No. 1,Johnson,26
11-230 Peters Creek No. 1,Obama,293
11-230 Peters Creek No. 1,Romney,898
11-230 Peters Creek No. 1,Stein,6
11-230 Peters Creek No. 1,Write-In,11
11-Absentee,Johnson,43
11-Absentee,Obama,502
11-Absentee,Romney,1147
11-Absentee,Stein,10
11-Absentee,Write-In,14
11-Early Voting,Johnson,8
11-Early Voting,Obama,132
11-Early Voting,Romney,380
11-Early Voting,Stein,0
11-Early Voting,Write-In,5
11-Question,Johnson,11
11-Question,Obama,77
11-Question,Romney,282
11-Question,Stein,3
11-Question,Write-In,6
12-235 Peters Creek No. 2,Johnson,39
12-235 Peters Creek No. 2,Obama,203
12-235 Peters Creek No. 2,Romney,584
12-235 Peters Creek No. 2,Stein,2
12-235 Peters Creek No. 2,Write-In,9
12-240 Fire Lake,Johnson,20
12-240 Fire Lake,Obama,169
12-240 Fire Lake,Romney,533
12-240 Fire Lake,Stein,3
12-240 Fire Lake,Write-In,15
12-245 JBER No. 1,Johnson,23
12-245 JBER No. 1,Obama,199
12-245 JBER No. 1,Romney,361
12-245 JBER No. 1,Stein,0
12-245 JBER No. 1,Write-In,4
12-250 Downtown Eagle River No. 1,Johnson,28
12-250 Downtown Eagle River No. 1,Obama,274
12-250 Downtown Eagle River No. 1,Romney,713
12-250 Downtown Eagle River No. 1,Stein,7
12-250 Downtown Eagle River No. 1,Write-In,8
12-255 Chugach Park No. 1,Johnson,16
12-255 Chugach Park No. 1,Obama,212
12-255 Chugach Park No. 1,Romney,457
12-255 Chugach Park No. 1,Stein,4
12-255 Chugach Park No. 1,Write-In,6
12-Absentee,Johnson,32
12-Absentee,Obama,603
12-Absentee,Romney,1260
12-Absentee,Stein,9
12-Absentee,Write-In,24
12-Early Voting,Johnson,1
12-Early Voting,Obama,50
12-Early Voting,Romney,78
12-Early Voting,Stein,1
12-Early Voting,Write-In,2
12-Question,Johnson,17
12-Question,Obama,191
12-Question,Romney,314
12-Question,Stein,4
12-Question,Write-In,7
13-300 JBER No. 2,Johnson,18
13-300 JBER No. 2,Obama,156
13-300 JBER No. 2,Romney,398
13-300 JBER No. 2,Stein,0
13-300 JBER No. 2,Write-In,3
13-305 Creekside Park,Johnson,19
13-305 Creekside Park,Obama,334
13-305 Creekside Park,Romney,464
13-305 Creekside Park,Stein,1
13-305 Creekside Park,Write-In,9
13-310 Muldoon No. 1,Johnson,25
13-310 Muldoon No. 1,Obama,368
13-310 Muldoon No. 1,Romney,308
13-310 Muldoon No. 1,Stein,6
13-310 Muldoon No. 1,Write-In,3
13-315 Muldoon No. 2,Johnson,16
13-315 Muldoon No. 2,Obama,255
13-315 Muldoon No. 2,Romney,236
13-315 Muldoon No. 2,Stein,0
13-315 Muldoon No. 2,Write-In,8
13-320 North Muldoon,Johnson,13
13-320 North Muldoon,Obama,270
13-320 North Muldoon,Romney,251
13-320 North Muldoon,Stein,5
13-320 North Muldoon,Write-In,3
13-Absentee,Johnson,35
13-Absentee,Obama,611
13-Absentee,Romney,1069
13-Absentee,Stein,5
13-Absentee,Write-In,9
13-Early Voting,Johnson,2
13-Early Voting,Obama,178
13-Early Voting,Romney,120
13-Early Voting,Stein,1
13-Early Voting,Write-In,2
13-Question,Johnson,10
13-Question,Obama,253
13-Question,Romney,232
13-Question,Stein,8
13-Question,Write-In,3
14-325 Russian Jack,Johnson,11
14-325 Russian Jack,Obama,252
14-325 Russian Jack,Romney,217
14-325 Russian Jack,Stein,7
14-325 Russian Jack,Write-In,4
14-330 Nunaka Valley,Johnson,17
14-330 Nunaka Valley,Obama,429
14-330 Nunaka Valley,Romney,363
14-330 Nunaka Valley,Stein,9
14-330 Nunaka Valley,Write-In,14
14-335 Northeast Anchorage,Johnson,8
14-335 Northeast Anchorage,Obama,222
14-335 Northeast Anchorage,Romney,287
14-335 Northeast Anchorage,Stein,4
14-335 Northeast Anchorage,Write-In,4
14-340 College Gate,Johnson,14
14-340 College Gate,Obama,333
14-340 College Gate,Romney,351
14-340 College Gate,Stein,5
14-340 College Gate,Write-In,1
14-345 Chester Valley,Johnson,16
14-345 Chester Valley,Obama,250
14-345 Chester Valley,Romney,319
14-345 Chester Valley,Stein,4
14-345 Chester Valley,Write-In,7
14-350 Reflection Lake,Johnson,28
14-350 Reflection Lake,Obama,498
14-350 Reflection Lake,Romney,599
14-350 Reflection Lake,Stein,8
14-350 Reflection Lake,Write-In,6
14-355 Wonder Park,Johnson,18
14-355 Wonder Park,Obama,297
14-355 Wonder Park,Romney,286
14-355 Wonder Park,Stein,8
14-355 Wonder Park,Write-In,5
14-Absentee,Johnson,30
14-Absentee,Obama,573
14-Absentee,Romney,652
14-Absentee,Stein,10
14-Absentee,Write-In,6
14-Early Voting,Johnson,5
14-Early Voting,Obama,287
14-Early Voting,Romney,182
14-Early Voting,Stein,4
14-Early Voting,Write-In,4
14-Question,Johnson,7
14-Question,Obama,199
14-Question,Romney,197
14-Question,Stein,4
14-Question,Write-In,7
15-400 Midtown No. 1,Johnson,18
15-400 Midtown No. 1,Obama,337
15-400 Midtown No. 1,Romney,317
15-400 Midtown No. 1,Stein,2
15-400 Midtown No. 1,Write-In,4
15-405 University No. 1,Johnson,11
15-405 University No. 1,Obama,202
15-405 University No. 1,Romney,140
15-405 University No. 1,Stein,5
15-405 University No. 1,Write-In,5
15-410 University No. 2,Johnson,19
15-410 University No. 2,Obama,225
15-410 University No. 2,Romney,219
15-410 University No. 2,Stein,5
15-410 University No. 2,Write-In,3
15-415 Far North Bicentennial,Johnson,8
15-415 Far North Bicentennial,Obama,211
15-415 Far North Bicentennial,Romney,219
15-415 Far North Bicentennial,Stein,2
15-415 Far North Bicentennial,Write-In,2
15-420 Tudor No. 1,Johnson,35
15-420 Tudor No. 1,Obama,567
15-420 Tudor No. 1,Romney,616
15-420 Tudor No. 1,Stein,6
15-420 Tudor No. 1,Write-In,15
15-425 Tudor No. 2,Johnson,16
15-425 Tudor No. 2,Obama,269
15-425 Tudor No. 2,Romney,209
15-425 Tudor No. 2,Stein,7
15-425 Tudor No. 2,Write-In,4
15-430 East Anchorage,Johnson,12
15-430 East Anchorage,Obama,213
15-430 East Anchorage,Romney,172
15-430 East Anchorage,Stein,1
15-430 East Anchorage,Write-In,2
15-Absentee,Johnson,47
15-Absentee,Obama,639
15-Absentee,Romney,545
15-Absentee,Stein,10
15-Absentee,Write-In,10
15-Early Voting,Johnson,6
15-Early Voting,Obama,316
15-Early Voting,Romney,197
15-Early Voting,Stein,3
15-Early Voting,Write-In,3
15-Question,Johnson,18
15-Question,Obama,304
15-Question,Romney,241
15-Question,Stein,9
15-Question,Write-In,5
16-435 Inlet View No. 1,Johnson,4
16-435 Inlet View No. 1,Obama,222
16-435 Inlet View No. 1,Romney,183
16-435 Inlet View No. 1,Stein,4
16-435 Inlet View No. 1,Write-In,1
16-440 Turnagain No. 1,Johnson,10
16-440 Turnagain No. 1,Obama,170
16-440 Turnagain No. 1,Romney,149
16-440 Turnagain No. 1,Stein,3
16-440 Turnagain No. 1,Write-In,1
16-445 Turnagain No. 2,Johnson,13
16-445 Turnagain No. 2,Obama,244
16-445 Turnagain No. 2,Romney,198
16-445 Turnagain No. 2,Stein,8
16-445 Turnagain No. 2,Write-In,8
16-450 Willow Crest,Johnson,15
16-450 Willow Crest,Obama,225
16-450 Willow Crest,Romney,205
16-450 Willow Crest,Stein,1
16-450 Willow Crest,Write-In,7
16-455 Spenard No. 1,Johnson,16
16-455 Spenard No. 1,Obama,246
16-455 Spenard No. 1,Romney,159
16-455 Spenard No. 1,Stein,4
16-455 Spenard No. 1,Write-In,6
16-460 Spenard No. 2,Johnson,13
16-460 Spenard No. 2,Obama,448
16-460 Spenard No. 2,Romney,244
16-460 Spenard No. 2,Stein,12
16-460 Spenard No. 2,Write-In,6
16-465 Spenard No. 3,Johnson,7
16-465 Spenard No. 3,Obama,178
16-465 Spenard No. 3,Romney,118
16-465 Spenard No. 3,Stein,7
16-465 Spenard No. 3,Write-In,1
16-470 Fireweed,Johnson,4
16-470 Fireweed,Obama,117
16-470 Fireweed,Romney,93
16-470 Fireweed,Stein,3
16-470 Fireweed,Write-In,5
16-475 Midtown No. 2,Johnson,6
16-475 Midtown No. 2,Obama,195
16-475 Midtown No. 2,Romney,198
16-475 Midtown No. 2,Stein,4
16-475 Midtown No. 2,Write-In,0
16-480 Rogers Park,Johnson,10
16-480 Rogers Park,Obama,399
16-480 Rogers Park,Romney,284
16-480 Rogers Park,Stein,8
16-480 Rogers Park,Write-In,2
16-Absentee,Johnson,20
16-Absentee,Obama,670
16-Absentee,Romney,472
16-Absentee,Stein,14
16-Absentee,Write-In,11
16-Early Voting,Johnson,12
16-Early Voting,Obama,459
16-Early Voting,Romney,292
16-Early Voting,Stein,3
16-Early Voting,Write-In,5
16-Question,Johnson,25
16-Question,Obama,440
16-Question,Romney,281
16-Question,Stein,3
16-Question,Write-In,10
17-500 North Mt View No. 1,Johnson,24
17-500 North Mt View No. 1,Obama,307
17-500 North Mt View No. 1,Romney,158
17-500 North Mt View No. 1,Stein,7
17-500 North Mt View No. 1,Write-In,8
17-505 North Mt View No. 2,Johnson,10
17-505 North Mt View No. 2,Obama,316
17-505 North Mt View No. 2,Romney,161
17-505 North Mt View No. 2,Stein,3
17-505 North Mt View No. 2,Write-In,3
17-510 South Mt View No. 1,Johnson,17
17-510 South Mt View No. 1,Obama,372
17-510 South Mt View No. 1,Romney,266
17-510 South Mt View No. 1,Stein,3
17-510 South Mt View No. 1,Write-In,7
17-515 South Mt View No. 2,Johnson,8
17-515 South Mt View No. 2,Obama,156
17-515 South Mt View No. 2,Romney,104
17-515 South Mt View No. 2,Stein,1
17-515 South Mt View No. 2,Write-In,3
17-520 Airport Heights No. 1,Johnson,17
17-520 Airport Heights No. 1,Obama,322
17-520 Airport Heights No. 1,Romney,230
17-520 Airport Heights No. 1,Stein,2
17-520 Airport Heights No. 1,Write-In,8
17-525 Airport Heights No. 2,Johnson,15
17-525 Airport Heights No. 2,Obama,549
17-525 Airport Heights No. 2,Romney,282
17-525 Airport Heights No. 2,Stein,9
17-525 Airport Heights No. 2,Write-In,6
17-Absentee,Johnson,9
17-Absentee,Obama,366
17-Absentee,Romney,208
17-Absentee,Stein,10
17-Absentee,Write-In,6
17-Early Voting,Johnson,1
17-Early Voting,Obama,179
17-Early Voting,Romney,59
17-Early Voting,Stein,1
17-Early Voting,Write-In,1
17-Question,Johnson,7
17-Question,Obama,286
17-Question,Romney,74
17-Question,Stein,1
17-Question,Write-In,7
18-530 Government Hill,Johnson,13
18-530 Government Hill,Obama,271
18-530 Government Hill,Romney,190
18-530 Government Hill,Stein,9
18-530 Government Hill,Write-In,6
18-535 Merrill Field,Johnson,22
18-535 Merrill Field,Obama,511
18-535 Merrill Field,Romney,309
18-535 Merrill Field,Stein,8
18-535 Merrill Field,Write-In,8
18-540 Downtown Anch No. 1,Johnson,10
18-540 Downtown Anch No. 1,Obama,179
18-540 Downtown Anch No. 1,Romney,113
18-540 Downtown Anch No. 1,Stein,6
18-540 Downtown Anch No. 1,Write-In,0
18-545 Downtown Anch No. 2,Johnson,10
18-545 Downtown Anch No. 2,Obama,263
18-545 Downtown Anch No. 2,Romney,157
18-545 Downtown Anch No. 2,Stein,5
18-545 Downtown Anch No. 2,Write-In,2
18-550 Downtown Anch No. 3,Johnson,5
18-550 Downtown Anch No. 3,Obama,96
18-550 Downtown Anch No. 3,Romney,112
18-550 Downtown Anch No. 3,Stein,2
18-550 Downtown Anch No. 3,Write-In,4
18-555 Downtown Anch No. 4,Johnson,21
18-555 Downtown Anch No. 4,Obama,348
18-555 Downtown Anch No. 4,Romney,211
18-555 Downtown Anch No. 4,Stein,13
18-555 Downtown Anch No. 4,Write-In,8
18-560 Westchester No. 1,Johnson,8
18-560 Westchester No. 1,Obama,366
18-560 Westchester No. 1,Romney,177
18-560 Westchester No. 1,Stein,3
18-560 Westchester No. 1,Write-In,2
18-565 Westchester No. 2,Johnson,8
18-565 Westchester No. 2,Obama,236
18-565 Westchester No. 2,Romney,101
18-565 Westchester No. 2,Stein,5
18-565 Westchester No. 2,Write-In,2
18-570 Fairview,Johnson,10
18-570 Fairview,Obama,312
18-570 Fairview,Romney,155
18-570 Fairview,Stein,5
18-570 Fairview,Write-In,8
18-Absentee,Johnson,34
18-Absentee,Obama,954
18-Absentee,Romney,525
18-Absentee,Stein,18
18-Absentee,Write-In,18
18-Early Voting,Johnson,8
18-Early Voting,Obama,390
18-Early Voting,Romney,163
18-Early Voting,Stein,7
18-Early Voting,Write-In,1
18-Question,Johnson,14
18-Question,Obama,321
18-Question,Romney,156
18-Question,Stein,4
18-Question,Write-In,7
19-600 Inlet View No. 2,Johnson,23
19-600 Inlet View No. 2,Obama,558
19-600 Inlet View No. 2,Romney,383
19-600 Inlet View No. 2,Stein,5
19-600 Inlet View No. 2,Write-In,7
19-605 Conners Lake,Johnson,19
19-605 Conners Lake,Obama,317
19-605 Conners Lake,Romney,419
19-605 Conners Lake,Stein,2
19-605 Conners Lake,Write-In,5
19-610 Sand Lake No. 1,Johnson,15
19-610 Sand Lake No. 1,Obama,288
19-610 Sand Lake No. 1,Romney,367
19-610 Sand Lake No. 1,Stein,3
19-610 Sand Lake No. 1,Write-In,14
19-615 Sand Lake No. 2,Johnson,10
19-615 Sand Lake No. 2,Obama,257
19-615 Sand Lake No. 2,Romney,261
19-615 Sand Lake No. 2,Stein,7
19-615 Sand Lake No. 2,Write-In,7
19-620 Lake Spenard,Johnson,15
19-620 Lake Spenard,Obama,313
19-620 Lake Spenard,Romney,326
19-620 Lake Spenard,Stein,5
19-620 Lake Spenard,Write-In,2
19-625 Lake Hood,Johnson,16
19-625 Lake Hood,Obama,455
19-625 Lake Hood,Romney,396
19-625 Lake Hood,Stein,2
19-625 Lake Hood,Write-In,8
19-630 Turnagain No. 3,Johnson,11
19-630 Turnagain No. 3,Obama,252
19-630 Turnagain No. 3,Romney,186
19-630 Turnagain No. 3,Stein,2
19-630 Turnagain No. 3,Write-In,3
19-635 Turnagain No. 4,Johnson,20
19-635 Turnagain No. 4,Obama,432
19-635 Turnagain No. 4,Romney,381
19-635 Turnagain No. 4,Stein,6
19-635 Turnagain No. 4,Write-In,9
19-Absentee,Johnson,26
19-Absentee,Obama,660
19-Absentee,Romney,705
19-Absentee,Stein,11
19-Absentee,Write-In,7
19-Early Voting,Johnson,5
19-Early Voting,Obama,415
19-Early Voting,Romney,263
19-Early Voting,Stein,9
19-Early Voting,Write-In,1
19-Question,Johnson,19
19-Question,Obama,179
19-Question,Romney,168
19-Question,Stein,5
19-Question,Write-In,6
20-640 Dimond No. 1,Johnson,20
20-640 Dimond No. 1,Obama,332
20-640 Dimond No. 1,Romney,551
20-640 Dimond No. 1,Stein,8
20-640 Dimond No. 1,Write-In,8
20-645 Kincaid,Johnson,21
20-645 Kincaid,Obama,424
20-645 Kincaid,Romney,836
20-645 Kincaid,Stein,13
20-645 Kincaid,Write-In,18
20-650 Jewel Lake No. 1,Johnson,13
20-650 Jewel Lake No. 1,Obama,277
20-650 Jewel Lake No. 1,Romney,326
20-650 Jewel Lake No. 1,Stein,3
20-650 Jewel Lake No. 1,Write-In,10
20-655 Jewel Lake No. 2,Johnson,14
20-655 Jewel Lake No. 2,Obama,263
20-655 Jewel Lake No. 2,Romney,368
20-655 Jewel Lake No. 2,Stein,5
20-655 Jewel Lake No. 2,Write-In,9
20-660 Campbell Lake,Johnson,40
20-660 Campbell Lake,Obama,427
20-660 Campbell Lake,Romney,585
20-660 Campbell Lake,Stein,8
20-660 Campbell Lake,Write-In,14
20-665 Sand Lake No. 3,Johnson,20
20-665 Sand Lake No. 3,Obama,303
20-665 Sand Lake No. 3,Romney,457
20-665 Sand Lake No. 3,Stein,13
20-665 Sand Lake No. 3,Write-In,12
20-670 Sand Lake No. 4,Johnson,11
20-670 Sand Lake No. 4,Obama,147
20-670 Sand Lake No. 4,Romney,192
20-670 Sand Lake No. 4,Stein,2
20-670 Sand Lake No. 4,Write-In,2
20-Absentee,Johnson,25
20-Absentee,Obama,462
20-Absentee,Romney,732
20-Absentee,Stein,7
20-Absentee,Write-In,7
20-Early Voting,Johnson,9
20-Early Voting,Obama,269
20-Early Voting,Romney,304
20-Early Voting,Stein,2
20-Early Voting,Write-In,5
20-Question,Johnson,11
20-Question,Obama,177
20-Question,Romney,193
20-Question,Stein,5
20-Question,Write-In,4
21-700 Huffman No. 1,Johnson,24
21-700 Huffman No. 1,Obama,319
21-700 Huffman No. 1,Romney,501
21-700 Huffman No. 1,Stein,3
21-700 Huffman No. 1,Write-In,13
21-705 Huffman No. 2,Johnson,6
21-705 Huffman No. 2,Obama,245
21-705 Huffman No. 2,Romney,386
21-705 Huffman No. 2,Stein,8
21-705 Huffman No. 2,Write-In,9
21-710 Klatt,Johnson,11
21-710 Klatt,Obama,327
21-710 Klatt,Romney,629
21-710 Klatt,Stein,3
21-710 Klatt,Write-In,12
21-715 Southport,Johnson,13
21-715 Southport,Obama,296
21-715 Southport,Romney,478
21-715 Southport,Stein,2
21-715 Southport,Write-In,4
21-720 Ocean View No. 1,Johnson,22
21-720 Ocean View No. 1,Obama,263
21-720 Ocean View No. 1,Romney,395
21-720 Ocean View No. 1,Stein,4
21-720 Ocean View No. 1,Write-In,6
21-725 Ocean View No. 2,Johnson,21
21-725 Ocean View No. 2,Obama,381
21-725 Ocean View No. 2,Romney,613
21-725 Ocean View No. 2,Stein,5
21-725 Ocean View No. 2,Write-In,6
21-730 Bayshore,Johnson,21
21-730 Bayshore,Obama,460
21-730 Bayshore,Romney,769
21-730 Bayshore,Stein,8
21-730 Bayshore,Write-In,6
21-Absentee,Johnson,19
21-Absentee,Obama,541
21-Absentee,Romney,791
21-Absentee,Stein,9
21-Absentee,Write-In,12
21-Early Voting,Johnson,10
21-Early Voting,Obama,333
21-Early Voting,Romney,471
21-Early Voting,Stein,6
21-Early Voting,Write-In,6
21-Question,Johnson,9
21-Question,Obama,151
21-Question,Romney,229
21-Question,Stein,4
21-Question,Write-In,6
22-735 Northwood,Johnson,12
22-735 Northwood,Obama,184
22-735 Northwood,Romney,201
22-735 Northwood,Stein,2
22-735 Northwood,Write-In,6
22-740 Arctic,Johnson,12
22-740 Arctic,Obama,308
22-740 Arctic,Romney,326
22-740 Arctic,Stein,8
22-740 Arctic,Write-In,2
22-745 Midtown No. 3,Johnson,9
22-745 Midtown No. 3,Obama,128
22-745 Midtown No. 3,Romney,166
22-745 Midtown No. 3,Stein,0
22-745 Midtown No. 3,Write-In,4
22-750 Taku,Johnson,22
22-750 Taku,Obama,297
22-750 Taku,Romney,393
22-750 Taku,Stein,4
22-750 Taku,Write-In,8
22-755 Campbell Creek No. 1,Johnson,14
22-755 Campbell Creek No. 1,Obama,271
22-755 Campbell Creek No. 1,Romney,350
22-755 Campbell Creek No. 1,Stein,4
22-755 Campbell Creek No. 1,Write-In,6
22-760 Campbell Creek No. 2,Johnson,9
22-760 Campbell Creek No. 2,Obama,236
22-760 Campbell Creek No. 2,Romney,240
22-760 Campbell Creek No. 2,Stein,5
22-760 Campbell Creek No. 2,Write-In,4
22-765 Campbell Creek No. 3,Johnson,16
22-765 Campbell Creek No. 3,Obama,327
22-765 Campbell Creek No. 3,Romney,430
22-765 Campbell Creek No. 3,Stein,5
22-765 Campbell Creek No. 3,Write-In,6
22-770 Dimond No. 2,Johnson,8
22-770 Dimond No. 2,Obama,237
22-770 Dimond No. 2,Romney,299
22-770 Dimond No. 2,Stein,4
22-770 Dimond No. 2,Write-In,5
22-Absentee,Johnson,28
22-Absentee,Obama,424
22-Absentee,Romney,605
22-Absentee,Stein,11
22-Absentee,Write-In,10
22-Early Voting,Johnson,5
22-Early Voting,Obama,267
22-Early Voting,Romney,236
22-Early Voting,Stein,3
22-Early Voting,Write-In,2
22-Question,Johnson,8
22-Question,Obama,180
22-Question,Romney,199
22-Question,Stein,5
22-Question,Write-In,4
23-800 Abbott Loop No. 1,Johnson,15
23-800 Abbott Loop No. 1,Obama,387
23-800 Abbott Loop No. 1,Romney,488
23-800 Abbott Loop No. 1,Stein,4
23-800 Abbott Loop No. 1,Write-In,4
23-805 Abbott Loop No. 2,Johnson,16
23-805 Abbott Loop No. 2,Obama,249
23-805 Abbott Loop No. 2,Romney,459
23-805 Abbott Loop No. 2,Stein,10
23-805 Abbott Loop No. 2,Write-In,0
23-810 Huffman No. 3,Johnson,10
23-810 Huffman No. 3,Obama,162
23-810 Huffman No. 3,Romney,454
23-810 Huffman No. 3,Stein,3
23-810 Huffman No. 3,Write-In,3
23-815 Huffman No. 4,Johnson,19
23-815 Huffman No. 4,Obama,314
23-815 Huffman No. 4,Romney,620
23-815 Huffman No. 4,Stein,2
23-815 Huffman No. 4,Write-In,7
23-820 Huffman No. 5,Johnson,28
23-820 Huffman No. 5,Obama,411
23-820 Huffman No. 5,Romney,609
23-820 Huffman No. 5,Stein,4
23-820 Huffman No. 5,Write-In,9
23-825 Independence Park No. 1,Johnson,11
23-825 Independence Park No. 1,Obama,297
23-825 Independence Park No. 1,Romney,341
23-825 Independence Park No. 1,Stein,4
23-825 Independence Park No. 1,Write-In,12
23-830 Independence Park No. 2,Johnson,7
23-830 Independence Park No. 2,Obama,153
23-830 Independence Park No. 2,Romney,252
23-830 Independence Park No. 2,Stein,1
23-830 Independence Park No. 2,Write-In,1
23-835 O'Malley,Johnson,16
23-835 O'Malley,Obama,143
23-835 O'Malley,Romney,173
23-835 O'Malley,Stein,4
23-835 O'Malley,Write-In,2
23-Absentee,Johnson,28
23-Absentee,Obama,524
23-Absentee,Romney,803
23-Absentee,Stein,11
23-Absentee,Write-In,14
23-Early Voting,Johnson,9
23-Early Voting,Obama,344
23-Early Voting,Romney,470
23-Early Voting,Stein,5
23-Early Voting,Write-In,2
23-Question,Johnson,4
23-Question,Obama,183
23-Question,Romney,257
23-Question,Stein,6
23-Question,Write-In,6
24-840 East Dowling,Johnson,7
24-840 East Dowling,Obama,105
24-840 East Dowling,Romney,95
24-840 East Dowling,Stein,2
24-840 East Dowling,Write-In,1
24-845 Abbott Loop No. 3,Johnson,29
24-845 Abbott Loop No. 3,Obama,436
24-845 Abbott Loop No. 3,Romney,637
24-845 Abbott Loop No. 3,Stein,8
24-845 Abbott Loop No. 3,Write-In,15
24-850 Abbott Loop No. 4,Johnson,16
24-850 Abbott Loop No. 4,Obama,399
24-850 Abbott Loop No. 4,Romney,502
24-850 Abbott Loop No. 4,Stein,2
24-850 Abbott Loop No. 4,Write-In,4
24-855 Lore No. 1,Johnson,20
24-855 Lore No. 1,Obama,334
24-855 Lore No. 1,Romney,503
24-855 Lore No. 1,Stein,8
24-855 Lore No. 1,Write-In,1
24-860 Lore No. 2,Johnson,24
24-860 Lore No. 2,Obama,295
24-860 Lore No. 2,Romney,395
24-860 Lore No. 2,Stein,7
24-860 Lore No. 2,Write-In,4
24-865 Independence Park No. 3,Johnson,11
24-865 Independence Park No. 3,Obama,244
24-865 Independence Park No. 3,Romney,323
24-865 Independence Park No. 3,Stein,0
24-865 Independence Park No. 3,Write-In,6
24-870 Laurel/Dowling,Johnson,16
24-870 Laurel/Dowling,Obama,343
24-870 Laurel/Dowling,Romney,424
24-870 Laurel/Dowling,Stein,8
24-870 Laurel/Dowling,Write-In,7
24-Absentee,Johnson,18
24-Absentee,Obama,429
24-Absentee,Romney,502
24-Absentee,Stein,6
24-Absentee,Write-In,8
24-Early Voting,Johnson,3
24-Early Voting,Obama,331
24-Early Voting,Romney,317
24-Early Voting,Stein,4
24-Early Voting,Write-In,0
24-Question,Johnson,7
24-Question,Obama,212
24-Question,Romney,214
24-Question,Stein,3
24-Question,Write-In,4
25-900 Cheney Lake,Johnson,24
25-900 Cheney Lake,Obama,436
25-900 Cheney Lake,Romney,660
25-900 Cheney Lake,Stein,9
25-900 Cheney Lake,Write-In,11
25-905 Muldoon No. 3,Johnson,13
25-905 Muldoon No. 3,Obama,210
25-905 Muldoon No. 3,Romney,333
25-905 Muldoon No. 3,Stein,2
25-905 Muldoon No. 3,Write-In,4
25-910 Muldoon No. 4,Johnson,32
25-910 Muldoon No. 4,Obama,359
25-910 Muldoon No. 4,Romney,461
25-910 Muldoon No. 4,Stein,6
25-910 Muldoon No. 4,Write-In,14
25-915 Chugach Ft. Hills No. 1,Johnson,10
25-915 Chugach Ft. Hills No. 1,Obama,234
25-915 Chugach Ft. Hills No. 1,Romney,281
25-915 Chugach Ft. Hills No. 1,Stein,6
25-915 Chugach Ft. Hills No. 1,Write-In,4
25-920 Chugach Ft. Hills No. 2,Johnson,22
25-920 Chugach Ft. Hills No. 2,Obama,373
25-920 Chugach Ft. Hills No. 2,Romney,400
25-920 Chugach Ft. Hills No. 2,Stein,8
25-920 Chugach Ft. Hills No. 2,Write-In,17
25-925 Scenic Park,Johnson,8
25-925 Scenic Park,Obama,275
25-925 Scenic Park,Romney,438
25-925 Scenic Park,Stein,6
25-925 Scenic Park,Write-In,6
25-930 Baxter,Johnson,35
25-930 Baxter,Obama,547
25-930 Baxter,Romney,563
25-930 Baxter,Stein,12
25-930 Baxter,Write-In,11
25-935 Stuckagain Heights,Johnson,4
25-935 Stuckagain Heights,Obama,105
25-935 Stuckagain Heights,Romney,105
25-935 Stuckagain Heights,Stein,0
25-935 Stuckagain Heights,Write-In,1
25-Absentee,Johnson,36
25-Absentee,Obama,647
25-Absentee,Romney,817
25-Absentee,Stein,8
25-Absentee,Write-In,5
25-Early Voting,Johnson,8
25-Early Voting,Obama,365
25-Early Voting,Romney,319
25-Early Voting,Stein,9
25-Early Voting,Write-In,3
25-Question,Johnson,10
25-Question,Obama,188
25-Question,Romney,192
25-Question,Stein,4
25-Question,Write-In,5
26-940 Downtown Eagle River No. 2,Johnson,27
26-940 Downtown Eagle River No. 2,Obama,202
26-940 Downtown Eagle River No. 2,Romney,542
26-940 Downtown Eagle River No. 2,Stein,3
26-940 Downtown Eagle River No. 2,Write-In,11
26-945 Meadow Creek No. 1,Johnson,20
26-945 Meadow Creek No. 1,Obama,238
26-945 Meadow Creek No. 1,Romney,526
26-945 Meadow Creek No. 1,Stein,9
26-945 Meadow Creek No. 1,Write-In,11
26-950 Meadow Creek No. 2,Johnson,13
26-950 Meadow Creek No. 2,Obama,272
26-950 Meadow Creek No. 2,Romney,637
26-950 Meadow Creek No. 2,Stein,2
26-950 Meadow Creek No. 2,Write-In,4
26-955 Eagle River No. 1,Johnson,7
26-955 Eagle River No. 1,Obama,137
26-955 Eagle River No. 1,Romney,322
26-955 Eagle River No. 1,Stein,3
26-955 Eagle River No. 1,Write-In,4
26-960 Eagle River No. 2,Johnson,25
26-960 Eagle River No. 2,Obama,347
26-960 Eagle River No. 2,Romney,757
26-960 Eagle River No. 2,Stein,9
26-960 Eagle River No. 2,Write-In,14
26-965 Chugach Park No. 2,Johnson,37
26-965 Chugach Park No. 2,Obama,485
26-965 Chugach Park No. 2,Romney,918
26-965 Chugach Park No. 2,Stein,7
26-965 Chugach Park No. 2,Write-In,11
26-970 Hiland,Johnson,26
26-970 Hiland,Obama,267
26-970 Hiland,Romney,696
26-970 Hiland,Stein,5
26-970 Hiland,Write-In,5
26-Absentee,Johnson,50
26-Absentee,Obama,950
26-Absentee,Romney,2076
26-Absentee,Stein,9
26-Absentee,Write-In,19
26-Early Voting,Johnson,3
26-Early Voting,Obama,167
26-Early Voting,Romney,240
26-Early Voting,Stein,4
26-Early Voting,Write-In,3
26-Question,Johnson,6
26-Question,Obama,104
26-Question,Romney,254
26-Question,Stein,2
26-Question,Write-In,5
27-105 Rabbit Creek No. 1,Johnson,13
27-105 Rabbit Creek No. 1,Obama,295
27-105 Rabbit Creek No. 1,Romney,567
27-105 Rabbit Creek No. 1,Stein,4
27-105 Rabbit Creek No. 1,Write-In,3
27-110 Rabbit Creek No. 2,Johnson,11
27-110 Rabbit Creek No. 2,Obama,370
27-110 Rabbit Creek No. 2,Romney,604
27-110 Rabbit Creek No. 2,Stein,8
27-110 Rabbit Creek No. 2,Write-In,9
27-115 Huffman No. 7,Johnson,14
27-115 Huffman No. 7,Obama,250
27-115 Huffman No. 7,Romney,542
27-115 Huffman No. 7,Stein,5
27-115 Huffman No. 7,Write-In,4
27-120 Huffman No. 8,Johnson,17
27-120 Huffman No. 8,Obama,318
27-120 Huffman No. 8,Romney,531
27-120 Huffman No. 8,Stein,5
27-120 Huffman No. 8,Write-In,2
27-125 Bear Valley,Johnson,24
27-125 Bear Valley,Obama,330
27-125 Bear Valley,Romney,371
27-125 Bear Valley,Stein,5
27-125 Bear Valley,Write-In,1
27-130 Indian,Johnson,6
27-130 Indian,Obama,62
27-130 Indian,Romney,60
27-130 Indian,Stein,2
27-130 Indian,Write-In,2
27-135 Girdwood,Johnson,34
27-135 Girdwood,Obama,504
27-135 Girdwood,Romney,213
27-135 Girdwood,Stein,15
27-135 Girdwood,Write-In,13
27-140 Goldenview,Johnson,23
27-140 Goldenview,Obama,469
27-140 Goldenview,Romney,762
27-140 Goldenview,Stein,7
27-140 Goldenview,Write-In,8
27-145 Chugach Park No. 3,Johnson,9
27-145 Chugach Park No. 3,Obama,338
27-145 Chugach Park No. 3,Romney,443
27-145 Chugach Park No. 3,Stein,6
27-145 Chugach Park No. 3,Write-In,3
27-Absentee,Johnson,29
27-Absentee,Obama,833
27-Absentee,Romney,1134
27-Absentee,Stein,20
27-Absentee,Write-In,13
27-Early Voting,Johnson,11
27-Early Voting,Obama,588
27-Early Voting,Romney,621
27-Early Voting,Stein,6
27-Early Voting,Write-In,0
27-Question,Johnson,6
27-Question,Obama,106
27-Question,Romney,167
27-Question,Stein,3
27-Question,Write-In,4
28-100 Bear Creek,Johnson,20
28-100 Bear Creek,Obama,253
28-100 Bear Creek,Romney,335
28-100 Bear Creek,Stein,9
28-100 Bear Creek,Write-In,12
28-110 Cooper Landing,Johnson,3
28-110 Cooper Landing,Obama,46
28-110 Cooper Landing,Romney,78
28-110 Cooper Landing,Stein,1
28-110 Cooper Landing,Write-In,7
28-120 Hope,Johnson,0
28-120 Hope,Obama,37
28-120 Hope,Romney,28
28-120 Hope,Stein,0
28-120 Hope,Write-In,0
28-130 Mackey Lake,Johnson,8
28-130 Mackey Lake,Obama,134
28-130 Mackey Lake,Romney,549
28-130 Mackey Lake,Stein,3
28-130 Mackey Lake,Write-In,9
28-140 Moose Pass,Johnson,2
28-140 Moose Pass,Obama,63
28-140 Moose Pass,Romney,71
28-140 Moose Pass,Stein,4
28-140 Moose Pass,Write-In,4
28-150 Nikiski,Johnson,15
28-150 Nikiski,Obama,154
28-150 Nikiski,Romney,653
28-150 Nikiski,Stein,3
28-150 Nikiski,Write-In,11
28-160 Salamatoff,Johnson,20
28-160 Salamatoff,Obama,142
28-160 Salamatoff,Romney,706
28-160 Salamatoff,Stein,5
28-160 Salamatoff,Write-In,13
28-170 Seward-Lowell Point,Johnson,26
28-170 Seward-Lowell Point,Obama,325
28-170 Seward-Lowell Point,Romney,346
28-170 Seward-Lowell Point,Stein,10
28-170 Seward-Lowell Point,Write-In,7
28-180 Sterling No. 1,Johnson,11
28-180 Sterling No. 1,Obama,113
28-180 Sterling No. 1,Romney,541
28-180 Sterling No. 1,Stein,8
28-180 Sterling No. 1,Write-In,4
28-190 Sterling No. 2,Johnson,13
28-190 Sterling No. 2,Obama,122
28-190 Sterling No. 2,Romney,591
28-190 Sterling No. 2,Stein,10
28-190 Sterling No. 2,Write-In,7
28-Absentee,Johnson,52
28-Absentee,Obama,698
28-Absentee,Romney,1702
28-Absentee,Stein,21
28-Absentee,Write-In,17
28-Early Voting,Johnson,0
28-Early Voting,Obama,1
28-Early Voting,Romney,0
28-Early Voting,Stein,0
28-Early Voting,Write-In,0
28-Question,Johnson,22
28-Question,Obama,100
28-Question,Romney,282
28-Question,Stein,9
28-Question,Write-In,13
29-200 Central,Johnson,23
29-200 Central,Obama,194
29-200 Central,Romney,737
29-200 Central,Stein,8
29-200 Central,Write-In,6
29-210 K-Beach,Johnson,19
29-210 K-Beach,Obama,223
29-210 K-Beach,Romney,805
29-210 K-Beach,Stein,5
29-210 K-Beach,Write-In,7
29-220 Kenai No. 1,Johnson,27
29-220 Kenai No. 1,Obama,254
29-220 Kenai No. 1,Romney,736
29-220 Kenai No. 1,Stein,10
29-220 Kenai No. 1,Write-In,14
29-230 Kenai No. 2,Johnson,15
29-230 Kenai No. 2,Obama,143
29-230 Kenai No. 2,Romney,364
29-230 Kenai No. 2,Stein,2
29-230 Kenai No. 2,Write-In,6
29-240 Kenai No. 3,Johnson,12
29-240 Kenai No. 3,Obama,136
29-240 Kenai No. 3,Romney,377
29-240 Kenai No. 3,Stein,4
29-240 Kenai No. 3,Write-In,6
29-250 Soldotna,Johnson,38
29-250 Soldotna,Obama,357
29-250 Soldotna,Romney,924
29-250 Soldotna,Stein,8
29-250 Soldotna,Write-In,16
29-Absentee,Johnson,33
29-Absentee,Obama,525
29-Absentee,Romney,1523
29-Absentee,Stein,7
29-Absentee,Write-In,12
29-Early Voting,Johnson,0
29-Early Voting,Obama,0
29-Early Voting,Romney,0
29-Early Voting,Stein,0
29-Early Voting,Write-In,0
29-Question,Johnson,14
29-Question,Obama,101
29-Question,Romney,308
29-Question,Stein,7
29-Question,Write-In,5
30-300 Anchor Point,Johnson,9
30-300 Anchor Point,Obama,180
30-300 Anchor Point,Romney,548
30-300 Anchor Point,Stein,12
30-300 Anchor Point,Write-In,8
30-310 Diamond Ridge,Johnson,10
30-310 Diamond Ridge,Obama,229
30-310 Diamond Ridge,Romney,180
30-310 Diamond Ridge,Stein,7
30-310 Diamond Ridge,Write-In,4
30-320 Fox River,Johnson,1
30-320 Fox River,Obama,76
30-320 Fox River,Romney,123
30-320 Fox River,Stein,4
30-320 Fox River,Write-In,1
30-330 Funny River No. 1,Johnson,9
30-330 Funny River No. 1,Obama,50
30-330 Funny River No. 1,Romney,186
30-330 Funny River No. 1,Stein,1
30-330 Funny River No. 1,Write-In,0
30-340 Funny River No. 2,Johnson,7
30-340 Funny River No. 2,Obama,76
30-340 Funny River No. 2,Romney,245
30-340 Funny River No. 2,Stein,1
30-340 Funny River No. 2,Write-In,2
30-350 Homer No. 1,Johnson,19
30-350 Homer No. 1,Obama,463
30-350 Homer No. 1,Romney,476
30-350 Homer No. 1,Stein,17
30-350 Homer No. 1,Write-In,16
30-360 Homer No. 2,Johnson,23
30-360 Homer No. 2,Obama,313
30-360 Homer No. 2,Romney,395
30-360 Homer No. 2,Stein,13
30-360 Homer No. 2,Write-In,7
30-370 Kachemak/Fritz Creek,Johnson,16
30-370 Kachemak/Fritz Creek,Obama,410
30-370 Kachemak/Fritz Creek,Romney,326
30-370 Kachemak/Fritz Creek,Stein,16
30-370 Kachemak/Fritz Creek,Write-In,6
30-380 Kasilof,Johnson,33
30-380 Kasilof,Obama,309
30-380 Kasilof,Romney,621
30-380 Kasilof,Stein,9
30-380 Kasilof,Write-In,14
30-390 Ninilchik,Johnson,17
30-390 Ninilchik,Obama,124
30-390 Ninilchik,Romney,324
30-390 Ninilchik,Stein,7
30-390 Ninilchik,Write-In,3
30-395 Seldovia/Kachemak Bay,Johnson,4
30-395 Seldovia/Kachemak Bay,Obama,88
30-395 Seldovia/Kachemak Bay,Romney,73
30-395 Seldovia/Kachemak Bay,Stein,6
30-395 Seldovia/Kachemak Bay,Write-In,1
30-Absentee,Johnson,54
30-Absentee,Obama,1104
30-Absentee,Romney,1767
30-Absentee,Stein,37
30-Absentee,Write-In,14
30-Early Voting,Johnson,0
30-Early Voting,Obama,1
30-Early Voting,Romney,0
30-Early Voting,Stein,0
30-Early Voting,Write-In,0
30-Question,Johnson,16
30-Question,Obama,155
30-Question,Romney,228
30-Question,Stein,7
30-Question,Write-In,4
31-400 Auke Bay,Johnson,20
31-400 Auke Bay,Obama,466
31-400 Auke Bay,Romney,362
31-400 Auke Bay,Stein,20
31-400 Auke Bay,Write-In,1
31-410 Juneau Airport,Johnson,23
31-410 Juneau Airport,Obama,390
31-410 Juneau Airport,Romney,331
31-410 Juneau Airport,Stein,9
31-410 Juneau Airport,Write-In,12
31-420 Lynn Canal,Johnson,13
31-420 Lynn Canal,Obama,348
31-420 Lynn Canal,Romney,263
31-420 Lynn Canal,Stein,10
31-420 Lynn Canal,Write-In,5
31-430 Mendenhall Valley No. 1,Johnson,22
31-430 Mendenhall Valley No. 1,Obama,390
31-430 Mendenhall Valley No. 1,Romney,403
31-430 Mendenhall Valley No. 1,Stein,11
31-430 Mendenhall Valley No. 1,Write-In,7
31-440 Mendenhall Valley No. 2,Johnson,24
31-440 Mendenhall Valley No. 2,Obama,438
31-440 Mendenhall Valley No. 2,Romney,486
31-440 Mendenhall Valley No. 2,Stein,6
31-440 Mendenhall Valley No. 2,Write-In,8
31-450 Mendenhall Valley No. 3,Johnson,29
31-450 Mendenhall Valley No. 3,Obama,396
31-450 Mendenhall Valley No. 3,Romney,491
31-450 Mendenhall Valley No. 3,Stein,10
31-450 Mendenhall Valley No. 3,Write-In,10
31-460 Mendenhall Valley No. 4,Johnson,35
31-460 Mendenhall Valley No. 4,Obama,566
31-460 Mendenhall Valley No. 4,Romney,586
31-460 Mendenhall Valley No. 4,Stein,11
31-460 Mendenhall Valley No. 4,Write-In,5
31-Absentee,Johnson,35
31-Absentee,Obama,639
31-Absentee,Romney,555
31-Absentee,Stein,10
31-Absentee,Write-In,15
31-Early Voting,Johnson,17
31-Early Voting,Obama,669
31-Early Voting,Romney,495
31-Early Voting,Stein,15
31-Early Voting,Write-In,5
31-Question,Johnson,24
31-Question,Obama,377
31-Question,Romney,247
31-Question,Stein,13
31-Question,Write-In,12
32-500 Douglas,Johnson,26
32-500 Douglas,Obama,532
32-500 Douglas,Romney,224
32-500 Douglas,Stein,16
32-500 Douglas,Write-In,6
32-505 Gustavus,Johnson,10
32-505 Gustavus,Obama,126
32-505 Gustavus,Romney,79
32-505 Gustavus,Stein,2
32-505 Gustavus,Write-In,2
32-510 Juneau No. 1,Johnson,19
32-510 Juneau No. 1,Obama,559
32-510 Juneau No. 1,Romney,225
32-510 Juneau No. 1,Stein,15
32-510 Juneau No. 1,Write-In,4
32-515 Juneau No. 2,Johnson,27
32-515 Juneau No. 2,Obama,868
32-515 Juneau No. 2,Romney,148
32-515 Juneau No. 2,Stein,28
32-515 Juneau No. 2,Write-In,2
32-520 Juneau No. 3,Johnson,11
32-520 Juneau No. 3,Obama,294
32-520 Juneau No. 3,Romney,169
32-520 Juneau No. 3,Stein,8
32-520 Juneau No. 3,Write-In,3
32-525 Lemon Creek,Johnson,22
32-525 Lemon Creek,Obama,315
32-525 Lemon Creek,Romney,275
32-525 Lemon Creek,Stein,6
32-525 Lemon Creek,Write-In,3
32-530 North Douglas,Johnson,15
32-530 North Douglas,Obama,433
32-530 North Douglas,Romney,211
32-530 North Douglas,Stein,4
32-530 North Douglas,Write-In,1
32-535 Petersburg-Kupreanof,Johnson,42
32-535 Petersburg-Kupreanof,Obama,508
32-535 Petersburg-Kupreanof,Romney,573
32-535 Petersburg-Kupreanof,Stein,8
32-535 Petersburg-Kupreanof,Write-In,9
32-540 Skagway,Johnson,18
32-540 Skagway,Obama,233
32-540 Skagway,Romney,124
32-540 Skagway,Stein,26
32-540 Skagway,Write-In,3
32-545 Tenakee Springs,Johnson,5
32-545 Tenakee Springs,Obama,21
32-545 Tenakee Springs,Romney,19
32-545 Tenakee Springs,Stein,1
32-545 Tenakee Springs,Write-In,1
32-Absentee,Johnson,57
32-Absentee,Obama,1394
32-Absentee,Romney,748
32-Absentee,Stein,42
32-Absentee,Write-In,20
32-Early Voting,Johnson,6
32-Early Voting,Obama,332
32-Early Voting,Romney,167
32-Early Voting,Stein,7
32-Early Voting,Write-In,1
32-Question,Johnson,13
32-Question,Obama,315
32-Question,Romney,133
32-Question,Stein,8
32-Question,Write-In,6
33-600 Ketchikan No. 1,Johnson,23
33-600 Ketchikan No. 1,Obama,339
33-600 Ketchikan No. 1,Romney,263
33-600 Ketchikan No. 1,Stein,10
33-600 Ketchikan No. 1,Write-In,10
33-610 Ketchikan No. 2,Johnson,39
33-610 Ketchikan No. 2,Obama,404
33-610 Ketchikan No. 2,Romney,473
33-610 Ketchikan No. 2,Stein,11
33-610 Ketchikan No. 2,Write-In,16
33-620 Ketchikan No. 3,Johnson,19
33-620 Ketchikan No. 3,Obama,212
33-620 Ketchikan No. 3,Romney,398
33-620 Ketchikan No. 3,Stein,9
33-620 Ketchikan No. 3,Write-In,6
33-630 North Prince of Wales,Johnson,9
33-630 North Prince of Wales,Obama,19
33-630 North Prince of Wales,Romney,43
33-630 North Prince of Wales,Stein,1
33-630 North Prince of Wales,Write-In,4
33-640 North Tongass No. 1,Johnson,22
33-640 North Tongass No. 1,Obama,106
33-640 North Tongass No. 1,Romney,207
33-640 North Tongass No. 1,Stein,2
33-640 North Tongass No. 1,Write-In,5
33-650 North Tongass No. 2,Johnson,24
33-650 North Tongass No. 2,Obama,226
33-650 North Tongass No. 2,Romney,501
33-650 North Tongass No. 2,Stein,5
33-650 North Tongass No. 2,Write-In,9
33-660 Saxman,Johnson,4
33-660 Saxman,Obama,72
33-660 Saxman,Romney,48
33-660 Saxman,Stein,3
33-660 Saxman,Write-In,0
33-670 South Tongass,Johnson,18
33-670 South Tongass,Obama,213
33-670 South Tongass,Romney,379
33-670 South Tongass,Stein,13
33-670 South Tongass,Write-In,8
33-680 Thorne Bay,Johnson,12
33-680 Thorne Bay,Obama,44
33-680 Thorne Bay,Romney,154
33-680 Thorne Bay,Stein,3
33-680 Thorne Bay,Write-In,4
33-690 Wrangell,Johnson,19
33-690 Wrangell,Obama,252
33-690 Wrangell,Romney,513
33-690 Wrangell,Stein,4
33-690 Wrangell,Write-In,5
33-Absentee,Johnson,48
33-Absentee,Obama,631
33-Absentee,Romney,1069
33-Absentee,Stein,28
33-Absentee,Write-In,19
33-Early Voting,Johnson,0
33-Early Voting,Obama,5
33-Early Voting,Romney,1
33-Early Voting,Stein,0
33-Early Voting,Write-In,0
33-Question,Johnson,32
33-Question,Obama,193
33-Question,Romney,240
33-Question,Stein,5
33-Question,Write-In,17
34- Question,Johnson,6
34- Question,Obama,163
34- Question,Romney,112
34- Question,Stein,4
34- Question,Write-In,4
34-700 Angoon,Johnson,6
34-700 Angoon,Obama,147
34-700 Angoon,Romney,41
34-700 Angoon,Stein,2
34-700 Angoon,Write-In,0
34-705 Craig,Johnson,19
34-705 Craig,Obama,193
34-705 Craig,Romney,194
34-705 Craig,Stein,3
34-705 Craig,Write-In,3
34-710 Haines No. 1,Johnson,32
34-710 Haines No. 1,Obama,402
34-710 Haines No. 1,Romney,388
34-710 Haines No. 1,Stein,15
34-710 Haines No. 1,Write-In,9
34-715 Haines No. 2,Johnson,4
34-715 Haines No. 2,Obama,35
34-715 Haines No. 2,Romney,57
34-715 Haines No. 2,Stein,3
34-715 Haines No. 2,Write-In,3
34-720 Hoonah,Johnson,4
34-720 Hoonah,Obama,197
34-720 Hoonah,Romney,127
34-720 Hoonah,Stein,1
34-720 Hoonah,Write-In,1
34-725 Hydaburg,Johnson,0
34-725 Hydaburg,Obama,92
34-725 Hydaburg,Romney,17
34-725 Hydaburg,Stein,0
34-725 Hydaburg,Write-In,0
34-730 Kake,Johnson,2
34-730 Kake,Obama,132
34-730 Kake,Romney,52
34-730 Kake,Stein,2
34-730 Kake,Write-In,0
34-735 Kasaan,Johnson,1
34-735 Kasaan,Obama,7
34-735 Kasaan,Romney,14
34-735 Kasaan,Stein,0
34-735 Kasaan,Write-In,6
34-740 Klawock,Johnson,2
34-740 Klawock,Obama,138
34-740 Klawock,Romney,119
34-740 Klawock,Stein,1
34-740 Klawock,Write-In,3
34-745 Klukwan,Johnson,0
34-745 Klukwan,Obama,24
34-745 Klukwan,Romney,17
34-745 Klukwan,Stein,1
34-745 Klukwan,Write-In,0
34-750 Metlakatla,Johnson,13
34-750 Metlakatla,Obama,311
34-750 Metlakatla,Romney,136
34-750 Metlakatla,Stein,10
34-750 Metlakatla,Write-In,2
34-755 Pelican,Johnson,1
34-755 Pelican,Obama,12
34-755 Pelican,Romney,31
34-755 Pelican,Stein,3
34-755 Pelican,Write-In,1
34-760 Port Alexander,Johnson,0
34-760 Port Alexander,Obama,11
34-760 Port Alexander,Romney,7
34-760 Port Alexander,Stein,0
34-760 Port Alexander,Write-In,0
34-765 Sitka No. 1,Johnson,62
34-765 Sitka No. 1,Obama,815
34-765 Sitka No. 1,Romney,680
34-765 Sitka No. 1,Stein,19
34-765 Sitka No. 1,Write-In,17
34-770 Sitka No. 2,Johnson,42
34-770 Sitka No. 2,Obama,900
34-770 Sitka No. 2,Romney,619
34-770 Sitka No. 2,Stein,20
34-770 Sitka No. 2,Write-In,20
34-Absentee,Johnson,45
34-Absentee,Obama,1061
34-Absentee,Romney,907
34-Absentee,Stein,40
34-Absentee,Write-In,19
34-Early Voting,Johnson,0
34-Early Voting,Obama,22
34-Early Voting,Romney,5
34-Early Voting,Stein,0
34-Early Voting,Write-In,1
35-800 Chiniak,Johnson,1
35-800 Chiniak,Obama,12
35-800 Chiniak,Romney,29
35-800 Chiniak,Stein,1
35-800 Chiniak,Write-In,1
35-805 Cordova,Johnson,16
35-805 Cordova,Obama,361
35-805 Cordova,Romney,380
35-805 Cordova,Stein,12
35-805 Cordova,Write-In,7
35-810 Flats,Johnson,14
35-810 Flats,Obama,183
35-810 Flats,Romney,352
35-810 Flats,Stein,8
35-810 Flats,Write-In,3
35-815 Kodiak Island South,Johnson,0
35-815 Kodiak Island South,Obama,13
35-815 Kodiak Island South,Romney,18
35-815 Kodiak Island South,Stein,1
35-815 Kodiak Island South,Write-In,1
35-820 Kodiak No. 1,Johnson,14
35-820 Kodiak No. 1,Obama,311
35-820 Kodiak No. 1,Romney,360
35-820 Kodiak No. 1,Stein,9
35-820 Kodiak No. 1,Write-In,4
35-825 Kodiak No. 2,Johnson,14
35-825 Kodiak No. 2,Obama,358
35-825 Kodiak No. 2,Romney,344
35-825 Kodiak No. 2,Stein,3
35-825 Kodiak No. 2,Write-In,6
35-830 Mission Road,Johnson,29
35-830 Mission Road,Obama,513
35-830 Mission Road,Romney,887
35-830 Mission Road,Stein,22
35-830 Mission Road,Write-In,13
35-835 Old Harbor,Johnson,5
35-835 Old Harbor,Obama,28
35-835 Old Harbor,Romney,22
35-835 Old Harbor,Stein,0
35-835 Old Harbor,Write-In,0
35-840 Ouzinkie,Johnson,2
35-840 Ouzinkie,Obama,50
35-840 Ouzinkie,Romney,15
35-840 Ouzinkie,Stein,0
35-840 Ouzinkie,Write-In,1
35-845 Port Lions,Johnson,1
35-845 Port Lions,Obama,18
35-845 Port Lions,Romney,45
35-845 Port Lions,Stein,0
35-845 Port Lions,Write-In,0
35-850 Tatitlek,Johnson,0
35-850 Tatitlek,Obama,0
35-850 Tatitlek,Romney,0
35-850 Tatitlek,Stein,0
35-850 Tatitlek,Write-In,0
35-855 Whittier,Johnson,1
35-855 Whittier,Obama,50
35-855 Whittier,Romney,38
35-855 Whittier,Stein,1
35-855 Whittier,Write-In,3
35-860 Yakutat,Johnson,7
35-860 Yakutat,Obama,121
35-860 Yakutat,Romney,82
35-860 Yakutat,Stein,0
35-860 Yakutat,Write-In,1
35-Absentee,Johnson,48
35-Absentee,Obama,668
35-Absentee,Romney,1041
35-Absentee,Stein,8
35-Absentee,Write-In,16
35-Early Voting,Johnson,0
35-Early Voting,Obama,2
35-Early Voting,Romney,0
35-Early Voting,Stein,0
35-Early Voting,Write-In,1
35-Question,Johnson,13
35-Question,Obama,142
35-Question,Romney,191
35-Question,Stein,6
35-Question,Write-In,5
36-002 Akiachak,Johnson,1
36-002 Akiachak,Obama,87
36-002 Akiachak,Romney,22
36-002 Akiachak,Stein,1
36-002 Akiachak,Write-In,1
36-004 Akiak,Johnson,7
36-004 Akiak,Obama,59
36-004 Akiak,Romney,20
36-004 Akiak,Stein,4
36-004 Akiak,Write-In,1
36-006 Aleknagik,Johnson,1
36-006 Aleknagik,Obama,31
36-006 Aleknagik,Romney,14
36-006 Aleknagik,Stein,1
36-006 Aleknagik,Write-In,1
36-008 Aniak,Johnson,1
36-008 Aniak,Obama,94
36-008 Aniak,Romney,42
36-008 Aniak,Stein,0
36-008 Aniak,Write-In,0
36-010 Anvik,Johnson,0
36-010 Anvik,Obama,10
36-010 Anvik,Romney,11
36-010 Anvik,Stein,1
36-010 Anvik,Write-In,0
36-012 Atmautluak,Johnson,3
36-012 Atmautluak,Obama,37
36-012 Atmautluak,Romney,9
36-012 Atmautluak,Stein,2
36-012 Atmautluak,Write-In,0
36-014 Chefornak,Johnson,3
36-014 Chefornak,Obama,88
36-014 Chefornak,Romney,5
36-014 Chefornak,Stein,1
36-014 Chefornak,Write-In,0
36-016 Chuathbaluk,Johnson,0
36-016 Chuathbaluk,Obama,15
36-016 Chuathbaluk,Romney,8
36-016 Chuathbaluk,Stein,0
36-016 Chuathbaluk,Write-In,0
36-018 Crooked Creek,Johnson,0
36-018 Crooked Creek,Obama,26
36-018 Crooked Creek,Romney,4
36-018 Crooked Creek,Stein,0
36-018 Crooked Creek,Write-In,2
36-020 Dillingham,Johnson,20
36-020 Dillingham,Obama,424
36-020 Dillingham,Romney,239
36-020 Dillingham,Stein,11
36-020 Dillingham,Write-In,2
36-022 Ekwok,Johnson,0
36-022 Ekwok,Obama,23
36-022 Ekwok,Romney,12
36-022 Ekwok,Stein,0
36-022 Ekwok,Write-In,1
36-024 Holy Cross,Johnson,0
36-024 Holy Cross,Obama,50
36-024 Holy Cross,Romney,3
36-024 Holy Cross,Stein,0
36-024 Holy Cross,Write-In,0
36-026 Kasigluk,Johnson,1
36-026 Kasigluk,Obama,68
36-026 Kasigluk,Romney,7
36-026 Kasigluk,Stein,0
36-026 Kasigluk,Write-In,0
36-028 King Salmon,Johnson,8
36-028 King Salmon,Obama,47
36-028 King Salmon,Romney,96
36-028 King Salmon,Stein,5
36-028 King Salmon,Write-In,1
36-030 Kipnuk,Johnson,3
36-030 Kipnuk,Obama,104
36-030 Kipnuk,Romney,11
36-030 Kipnuk,Stein,5
36-030 Kipnuk,Write-In,0
36-032 Koliganek,Johnson,1
36-032 Koliganek,Obama,34
36-032 Koliganek,Romney,16
36-032 Koliganek,Stein,0
36-032 Koliganek,Write-In,0
36-034 Kongiganak,Johnson,1
36-034 Kongiganak,Obama,79
36-034 Kongiganak,Romney,17
36-034 Kongiganak,Stein,3
36-034 Kongiganak,Write-In,0
36-036 Kwethluk,Johnson,4
36-036 Kwethluk,Obama,122
36-036 Kwethluk,Romney,16
36-036 Kwethluk,Stein,3
36-036 Kwethluk,Write-In,0
36-038 Kwigillingok,Johnson,4
36-038 Kwigillingok,Obama,64
36-038 Kwigillingok,Romney,14
36-038 Kwigillingok,Stein,3
36-038 Kwigillingok,Write-In,0
36-040 Lake Iliamna No. 1,Johnson,1
36-040 Lake Iliamna No. 1,Obama,46
36-040 Lake Iliamna No. 1,Romney,34
36-040 Lake Iliamna No. 1,Stein,1
36-040 Lake Iliamna No. 1,Write-In,0
36-042 Lake Iliamna No. 2,Johnson,1
36-042 Lake Iliamna No. 2,Obama,40
36-042 Lake Iliamna No. 2,Romney,17
36-042 Lake Iliamna No. 2,Stein,0
36-042 Lake Iliamna No. 2,Write-In,0
36-044 Levelock,Johnson,2
36-044 Levelock,Obama,17
36-044 Levelock,Romney,4
36-044 Levelock,Stein,1
36-044 Levelock,Write-In,0
36-046 Lower Kalskag,Johnson,4
36-046 Lower Kalskag,Obama,62
36-046 Lower Kalskag,Romney,20
36-046 Lower Kalskag,Stein,5
36-046 Lower Kalskag,Write-In,2
36-048 Manokotak,Johnson,6
36-048 Manokotak,Obama,67
36-048 Manokotak,Romney,48
36-048 Manokotak,Stein,2
36-048 Manokotak,Write-In,0
36-050 Naknek,Johnson,3
36-050 Naknek,Obama,70
36-050 Naknek,Romney,83
36-050 Naknek,Stein,1
36-050 Naknek,Write-In,2
36-052 Napakiak,Johnson,3
36-052 Napakiak,Obama,56
36-052 Napakiak,Romney,19
36-052 Napakiak,Stein,0
36-052 Napakiak,Write-In,0
36-054 Napaskiak,Johnson,1
36-054 Napaskiak,Obama,69
36-054 Napaskiak,Romney,12
36-054 Napaskiak,Stein,0
36-054 Napaskiak,Write-In,0
36-056 New Stuyahok,Johnson,4
36-056 New Stuyahok,Obama,102
36-056 New Stuyahok,Romney,22
36-056 New Stuyahok,Stein,1
36-056 New Stuyahok,Write-In,0
36-058 Newtok,Johnson,1
36-058 Newtok,Obama,76
36-058 Newtok,Romney,11
36-058 Newtok,Stein,1
36-058 Newtok,Write-In,0
36-060 Nightmute,Johnson,3
36-060 Nightmute,Obama,52
36-060 Nightmute,Romney,12
36-060 Nightmute,Stein,1
36-060 Nightmute,Write-In,0
36-062 Nondalton,Johnson,1
36-062 Nondalton,Obama,33
36-062 Nondalton,Romney,12
36-062 Nondalton,Stein,2
36-062 Nondalton,Write-In,0
36-064 Nunapitchuk,Johnson,3
36-064 Nunapitchuk,Obama,70
36-064 Nunapitchuk,Romney,15
36-064 Nunapitchuk,Stein,0
36-064 Nunapitchuk,Write-In,0
36-066 Pedro Bay,Johnson,0
36-066 Pedro Bay,Obama,6
36-066 Pedro Bay,Romney,5
36-066 Pedro Bay,Stein,0
36-066 Pedro Bay,Write-In,1
36-068 Russian Mission,Johnson,4
36-068 Russian Mission,Obama,59
36-068 Russian Mission,Romney,15
36-068 Russian Mission,Stein,5
36-068 Russian Mission,Write-In,0
36-070 Shageluk,Johnson,1
36-070 Shageluk,Obama,29
36-070 Shageluk,Romney,2
36-070 Shageluk,Stein,0
36-070 Shageluk,Write-In,0
36-072 Sleetmute,Johnson,1
36-072 Sleetmute,Obama,21
36-072 Sleetmute,Romney,10
36-072 Sleetmute,Stein,0
36-072 Sleetmute,Write-In,0
36-074 South Naknek,Johnson,2
36-074 South Naknek,Obama,8
36-074 South Naknek,Romney,10
36-074 South Naknek,Stein,0
36-074 South Naknek,Write-In,0
36-076 Toksook Bay,Johnson,1
36-076 Toksook Bay,Obama,138
36-076 Toksook Bay,Romney,18
36-076 Toksook Bay,Stein,1
36-076 Toksook Bay,Write-In,1
36-078 Tuluksak,Johnson,7
36-078 Tuluksak,Obama,49
36-078 Tuluksak,Romney,9
36-078 Tuluksak,Stein,2
36-078 Tuluksak,Write-In,0
36-080 Tuntutuliak,Johnson,2
36-080 Tuntutuliak,Obama,76
36-080 Tuntutuliak,Romney,12
36-080 Tuntutuliak,Stein,0
36-080 Tuntutuliak,Write-In,1
36-082 Tununak,Johnson,3
36-082 Tununak,Obama,68
36-082 Tununak,Romney,8
36-082 Tununak,Stein,3
36-082 Tununak,Write-In,0
36-084 Tyonek,Johnson,1
36-084 Tyonek,Obama,22
36-084 Tyonek,Romney,0
36-084 Tyonek,Stein,0
36-084 Tyonek,Write-In,1
36-086 Upper Kalskag,Johnson,2
36-086 Upper Kalskag,Obama,42
36-086 Upper Kalskag,Romney,19
36-086 Upper Kalskag,Stein,1
36-086 Upper Kalskag,Write-In,1
36-Absentee,Johnson,14
36-Absentee,Obama,398
36-Absentee,Romney,305
36-Absentee,Stein,10
36-Absentee,Write-In,5
36-Early Voting,Johnson,0
36-Early Voting,Obama,0
36-Early Voting,Romney,0
36-Early Voting,Stein,0
36-Early Voting,Write-In,0
36-Question,Johnson,8
36-Question,Obama,203
36-Question,Romney,98
36-Question,Stein,5
36-Question,Write-In,3
37-700 Akutan,Johnson,0
37-700 Akutan,Obama,52
37-700 Akutan,Romney,22
37-700 Akutan,Stein,2
37-700 Akutan,Write-In,5
37-702 Aleutians No. 1,Johnson,0
37-702 Aleutians No. 1,Obama,29
37-702 Aleutians No. 1,Romney,13
37-702 Aleutians No. 1,Stein,0
37-702 Aleutians No. 1,Write-In,0
37-704 Aleutians No. 2,Johnson,15
37-704 Aleutians No. 2,Obama,441
37-704 Aleutians No. 2,Romney,266
37-704 Aleutians No. 2,Stein,3
37-704 Aleutians No. 2,Write-In,5
37-706 Bethel No. 1,Johnson,15
37-706 Bethel No. 1,Obama,437
37-706 Bethel No. 1,Romney,141
37-706 Bethel No. 1,Stein,3
37-706 Bethel No. 1,Write-In,4
37-708 Bethel No. 2,Johnson,33
37-708 Bethel No. 2,Obama,443
37-708 Bethel No. 2,Romney,217
37-708 Bethel No. 2,Stein,5
37-708 Bethel No. 2,Write-In,5
37-710 Chignik,Johnson,1
37-710 Chignik,Obama,13
37-710 Chignik,Romney,5
37-710 Chignik,Stein,0
37-710 Chignik,Write-In,0
37-712 Clark's Point,Johnson,1
37-712 Clark's Point,Obama,6
37-712 Clark's Point,Romney,3
37-712 Clark's Point,Stein,0
37-712 Clark's Point,Write-In,0
37-714 Cold Bay,Johnson,0
37-714 Cold Bay,Obama,1
37-714 Cold Bay,Romney,30
37-714 Cold Bay,Stein,0
37-714 Cold Bay,Write-In,0
37-716 Eek,Johnson,3
37-716 Eek,Obama,53
37-716 Eek,Romney,17
37-716 Eek,Stein,0
37-716 Eek,Write-In,0
37-718 Egegik,Johnson,0
37-718 Egegik,Obama,0
37-718 Egegik,Romney,14
37-718 Egegik,Stein,1
37-718 Egegik,Write-In,0
37-720 Goodnews Bay,Johnson,4
37-720 Goodnews Bay,Obama,55
37-720 Goodnews Bay,Romney,19
37-720 Goodnews Bay,Stein,2
37-720 Goodnews Bay,Write-In,1
37-722 King Cove,Johnson,2
37-722 King Cove,Obama,56
37-722 King Cove,Romney,67
37-722 King Cove,Stein,1
37-722 King Cove,Write-In,0
37-724 Mekoryuk,Johnson,1
37-724 Mekoryuk,Obama,34
37-724 Mekoryuk,Romney,35
37-724 Mekoryuk,Stein,2
37-724 Mekoryuk,Write-In,0
37-726 Port Heiden,Johnson,2
37-726 Port Heiden,Obama,17
37-726 Port Heiden,Romney,13
37-726 Port Heiden,Stein,0
37-726 Port Heiden,Write-In,0
37-728 Quinhagak,Johnson,2
37-728 Quinhagak,Obama,75
37-728 Quinhagak,Romney,35
37-728 Quinhagak,Stein,2
37-728 Quinhagak,Write-In,1
37-730 Sand Point,Johnson,7
37-730 Sand Point,Obama,71
37-730 Sand Point,Romney,95
37-730 Sand Point,Stein,1
37-730 Sand Point,Write-In,0
37-732 St. George Island,Johnson,0
37-732 St. George Island,Obama,20
37-732 St. George Island,Romney,11
37-732 St. George Island,Stein,0
37-732 St. George Island,Write-In,1
37-734 St. Paul Island,Johnson,4
37-734 St. Paul Island,Obama,103
37-734 St. Paul Island,Romney,18
37-734 St. Paul Island,Stein,0
37-734 St. Paul Island,Write-In,0
37-736 Togiak,Johnson,8
37-736 Togiak,Obama,102
37-736 Togiak,Romney,75
37-736 Togiak,Stein,3
37-736 Togiak,Write-In,2
37-Absentee,Johnson,9
37-Absentee,Obama,417
37-Absentee,Romney,272
37-Absentee,Stein,11
37-Absentee,Write-In,3
37-Early Voting,Johnson,0
37-Early Voting,Obama,0
37-Early Voting,Romney,0
37-Early Voting,Stein,0
37-Early Voting,Write-In,0
37-Question,Johnson,9
37-Question,Obama,206
37-Question,Romney,149
37-Question,Stein,6
37-Question,Write-In,2
38-805 Anderson,Johnson,3
38-805 Anderson,Obama,15
38-805 Anderson,Romney,56
38-805 Anderson,Stein,0
38-805 Anderson,Write-In,1
38-810 Cantwell,Johnson,1
38-810 Cantwell,Obama,36
38-810 Cantwell,Romney,46
38-810 Cantwell,Stein,1
38-810 Cantwell,Write-In,1
38-815 Clear,Johnson,3
38-815 Clear,Obama,21
38-815 Clear,Romney,40
38-815 Clear,Stein,0
38-815 Clear,Write-In,0
38-820 Denali Park,Johnson,1
38-820 Denali Park,Obama,86
38-820 Denali Park,Romney,8
38-820 Denali Park,Stein,6
38-820 Denali Park,Write-In,0
38-825 Ester,Johnson,20
38-825 Ester,Obama,318
38-825 Ester,Romney,196
38-825 Ester,Stein,13
38-825 Ester,Write-In,9
38-827 Goldstream No. 1,Johnson,20
38-827 Goldstream No. 1,Obama,268
38-827 Goldstream No. 1,Romney,181
38-827 Goldstream No. 1,Stein,11
38-827 Goldstream No. 1,Write-In,12
38-830 Goldstream No. 2,Johnson,36
38-830 Goldstream No. 2,Obama,403
38-830 Goldstream No. 2,Romney,207
38-830 Goldstream No. 2,Stein,22
38-830 Goldstream No. 2,Write-In,11
38-833 Grayling,Johnson,3
38-833 Grayling,Obama,28
38-833 Grayling,Romney,21
38-833 Grayling,Stein,1
38-833 Grayling,Write-In,0
38-835 Healy,Johnson,6
38-835 Healy,Obama,151
38-835 Healy,Romney,190
38-835 Healy,Stein,9
38-835 Healy,Write-In,1
38-845 Manley Hot Springs,Johnson,0
38-845 Manley Hot Springs,Obama,19
38-845 Manley Hot Springs,Romney,30
38-845 Manley Hot Springs,Stein,0
38-845 Manley Hot Springs,Write-In,0
38-853 McGrath,Johnson,5
38-853 McGrath,Obama,52
38-853 McGrath,Romney,57
38-853 McGrath,Stein,0
38-853 McGrath,Write-In,1
38-855 Minto,Johnson,5
38-855 Minto,Obama,38
38-855 Minto,Romney,11
38-855 Minto,Stein,2
38-855 Minto,Write-In,0
38-863 Nenana,Johnson,12
38-863 Nenana,Obama,91
38-863 Nenana,Romney,164
38-863 Nenana,Stein,5
38-863 Nenana,Write-In,6
38-865 Nikolai,Johnson,2
38-865 Nikolai,Obama,31
38-865 Nikolai,Romney,14
38-865 Nikolai,Stein,0
38-865 Nikolai,Write-In,0
38-870 Ruby,Johnson,1
38-870 Ruby,Obama,36
38-870 Ruby,Romney,7
38-870 Ruby,Stein,0
38-870 Ruby,Write-In,2
38-890 Tanana,Johnson,1
38-890 Tanana,Obama,78
38-890 Tanana,Romney,10
38-890 Tanana,Stein,0
38-890 Tanana,Write-In,0
38-893 Takotna,Johnson,0
38-893 Takotna,Obama,3
38-893 Takotna,Romney,9
38-893 Takotna,Stein,0
38-893 Takotna,Write-In,0
38-895 University Hills,Johnson,10
38-895 University Hills,Obama,185
38-895 University Hills,Romney,99
38-895 University Hills,Stein,15
38-895 University Hills,Write-In,4
38-900 Alakanuk,Johnson,0
38-900 Alakanuk,Obama,111
38-900 Alakanuk,Romney,27
38-900 Alakanuk,Stein,1
38-900 Alakanuk,Write-In,0
38-904 Chevak,Johnson,1
38-904 Chevak,Obama,149
38-904 Chevak,Romney,23
38-904 Chevak,Stein,0
38-904 Chevak,Write-In,0
38-910 Emmonak,Johnson,3
38-910 Emmonak,Obama,132
38-910 Emmonak,Romney,3
38-910 Emmonak,Stein,44
38-910 Emmonak,Write-In,1
38-916 Hooper Bay,Johnson,3
38-916 Hooper Bay,Obama,183
38-916 Hooper Bay,Romney,31
38-916 Hooper Bay,Stein,4
38-916 Hooper Bay,Write-In,0
38-918 Kotlik,Johnson,4
38-918 Kotlik,Obama,93
38-918 Kotlik,Romney,19
38-918 Kotlik,Stein,1
38-918 Kotlik,Write-In,0
38-920 Marshall,Johnson,2
38-920 Marshall,Obama,74
38-920 Marshall,Romney,19
38-920 Marshall,Stein,2
38-920 Marshall,Write-In,0
38-922 Mountain Village,Johnson,5
38-922 Mountain Village,Obama,112
38-922 Mountain Village,Romney,55
38-922 Mountain Village,Stein,6
38-922 Mountain Village,Write-In,0
38-928 Nunam Iqua,Johnson,1
38-928 Nunam Iqua,Obama,45
38-928 Nunam Iqua,Romney,4
38-928 Nunam Iqua,Stein,2
38-928 Nunam Iqua,Write-In,0
38-930 Pilot Station,Johnson,1
38-930 Pilot Station,Obama,126
38-930 Pilot Station,Romney,38
38-930 Pilot Station,Stein,1
38-930 Pilot Station,Write-In,0
38-936 Scammon Bay,Johnson,2
38-936 Scammon Bay,Obama,105
38-936 Scammon Bay,Romney,15
38-936 Scammon Bay,Stein,0
38-936 Scammon Bay,Write-In,0
38-940 St. Mary's,Johnson,2
38-940 St. Mary's,Obama,104
38-940 St. Mary's,Romney,14
38-940 St. Mary's,Stein,0
38-940 St. Mary's,Write-In,1
38-Absentee,Johnson,18
38-Absentee,Obama,518
38-Absentee,Romney,435
38-Absentee,Stein,29
38-Absentee,Write-In,9
38-Early Voting,Johnson,6
38-Early Voting,Obama,257
38-Early Voting,Romney,99
38-Early Voting,Stein,9
38-Early Voting,Write-In,2
38-Question,Johnson,13
38-Question,Obama,233
38-Question,Romney,131
38-Question,Stein,13
38-Question,Write-In,6
39-005 Allakaket,Johnson,0
39-005 Allakaket,Obama,35
39-005 Allakaket,Romney,8
39-005 Allakaket,Stein,1
39-005 Allakaket,Write-In,0
39-007 Arctic Village,Johnson,0
39-007 Arctic Village,Obama,50
39-007 Arctic Village,Romney,0
39-007 Arctic Village,Stein,1
39-007 Arctic Village,Write-In,0
39-010 Beaver,Johnson,1
39-010 Beaver,Obama,22
39-010 Beaver,Romney,5
39-010 Beaver,Stein,0
39-010 Beaver,Write-In,0
39-012 Bettles,Johnson,1
39-012 Bettles,Obama,6
39-012 Bettles,Romney,7
39-012 Bettles,Stein,0
39-012 Bettles,Write-In,0
39-015 Central,Johnson,3
39-015 Central,Obama,8
39-015 Central,Romney,30
39-015 Central,Stein,2
39-015 Central,Write-In,0
39-020 Chistochina,Johnson,5
39-020 Chistochina,Obama,18
39-020 Chistochina,Romney,63
39-020 Chistochina,Stein,2
39-020 Chistochina,Write-In,2
39-023 Circle,Johnson,0
39-023 Circle,Obama,22
39-023 Circle,Romney,11
39-023 Circle,Stein,0
39-023 Circle,Write-In,0
39-025 Copper Center,Johnson,9
39-025 Copper Center,Obama,56
39-025 Copper Center,Romney,176
39-025 Copper Center,Stein,3
39-025 Copper Center,Write-In,2
39-027 Dot Lake,Johnson,2
39-027 Dot Lake,Obama,5
39-027 Dot Lake,Romney,37
39-027 Dot Lake,Stein,0
39-027 Dot Lake,Write-In,1
39-030 Eagle,Johnson,3
39-030 Eagle,Obama,25
39-030 Eagle,Romney,61
39-030 Eagle,Stein,0
39-030 Eagle,Write-In,0
39-033 Fort Yukon,Johnson,0
39-033 Fort Yukon,Obama,155
39-033 Fort Yukon,Romney,35
39-033 Fort Yukon,Stein,2
39-033 Fort Yukon,Write-In,0
39-035 Gakona,Johnson,0
39-035 Gakona,Obama,35
39-035 Gakona,Romney,71
39-035 Gakona,Stein,0
39-035 Gakona,Write-In,0
39-037 Galena,Johnson,5
39-037 Galena,Obama,89
39-037 Galena,Romney,81
39-037 Galena,Stein,2
39-037 Galena,Write-In,0
39-040 Hughes,Johnson,3
39-040 Hughes,Obama,32
39-040 Hughes,Romney,7
39-040 Hughes,Stein,0
39-040 Hughes,Write-In,0
39-043 Huslia,Johnson,1
39-043 Huslia,Obama,77
39-043 Huslia,Romney,22
39-043 Huslia,Stein,0
39-043 Huslia,Write-In,0
39-045 Kaltag,Johnson,1
39-045 Kaltag,Obama,48
39-045 Kaltag,Romney,9
39-045 Kaltag,Stein,0
39-045 Kaltag,Write-In,0
39-047 Kenny Lake,Johnson,6
39-047 Kenny Lake,Obama,37
39-047 Kenny Lake,Romney,89
39-047 Kenny Lake,Stein,1
39-047 Kenny Lake,Write-In,3
39-050 Koyukuk,Johnson,2
39-050 Koyukuk,Obama,32
39-050 Koyukuk,Romney,2
39-050 Koyukuk,Stein,1
39-050 Koyukuk,Write-In,0
39-053 Mentasta,Johnson,3
39-053 Mentasta,Obama,23
39-053 Mentasta,Romney,11
39-053 Mentasta,Stein,1
39-053 Mentasta,Write-In,0
39-055 Northway,Johnson,1
39-055 Northway,Obama,42
39-055 Northway,Romney,20
39-055 Northway,Stein,0
39-055 Northway,Write-In,0
39-060 Nulato,Johnson,0
39-060 Nulato,Obama,57
39-060 Nulato,Romney,20
39-060 Nulato,Stein,2
39-060 Nulato,Write-In,1
39-070 Stevens Village,Johnson,1
39-070 Stevens Village,Obama,14
39-070 Stevens Village,Romney,0
39-070 Stevens Village,Stein,0
39-070 Stevens Village,Write-In,0
39-075 Tanacross,Johnson,2
39-075 Tanacross,Obama,36
39-075 Tanacross,Romney,4
39-075 Tanacross,Stein,0
39-075 Tanacross,Write-In,1
39-085 Tetlin,Johnson,0
39-085 Tetlin,Obama,25
39-085 Tetlin,Romney,2
39-085 Tetlin,Stein,0
39-085 Tetlin,Write-In,0
39-090 Tok,Johnson,19
39-090 Tok,Obama,130
39-090 Tok,Romney,318
39-090 Tok,Stein,5
39-090 Tok,Write-In,10
39-095 Venetie,Johnson,1
39-095 Venetie,Obama,49
39-095 Venetie,Romney,4
39-095 Venetie,Stein,0
39-095 Venetie,Write-In,0
39-400 Brevig Mission,Johnson,3
39-400 Brevig Mission,Obama,78
39-400 Brevig Mission,Romney,21
39-400 Brevig Mission,Stein,1
39-400 Brevig Mission,Write-In,2
39-405 Diomede,Johnson,0
39-405 Diomede,Obama,15
39-405 Diomede,Romney,9
39-405 Diomede,Stein,0
39-405 Diomede,Write-In,0
39-410 Elim,Johnson,6
39-410 Elim,Obama,74
39-410 Elim,Romney,20
39-410 Elim,Stein,3
39-410 Elim,Write-In,0
39-415 Gambell,Johnson,4
39-415 Gambell,Obama,114
39-415 Gambell,Romney,32
39-415 Gambell,Stein,0
39-415 Gambell,Write-In,1
39-420 Golovin,Johnson,2
39-420 Golovin,Obama,52
39-420 Golovin,Romney,21
39-420 Golovin,Stein,0
39-420 Golovin,Write-In,1
39-425 Koyuk,Johnson,1
39-425 Koyuk,Obama,75
39-425 Koyuk,Romney,23
39-425 Koyuk,Stein,1
39-425 Koyuk,Write-In,0
39-430 Nome No. 1,Johnson,9
39-430 Nome No. 1,Obama,257
39-430 Nome No. 1,Romney,181
39-430 Nome No. 1,Stein,9
39-430 Nome No. 1,Write-In,3
39-435 Nome No. 2,Johnson,17
39-435 Nome No. 2,Obama,364
39-435 Nome No. 2,Romney,221
39-435 Nome No. 2,Stein,15
39-435 Nome No. 2,Write-In,6
39-440 Savoonga,Johnson,8
39-440 Savoonga,Obama,191
39-440 Savoonga,Romney,32
39-440 Savoonga,Stein,0
39-440 Savoonga,Write-In,0
39-445 Shaktoolik,Johnson,3
39-445 Shaktoolik,Obama,57
39-445 Shaktoolik,Romney,20
39-445 Shaktoolik,Stein,2
39-445 Shaktoolik,Write-In,0
39-450 Shishmaref,Johnson,1
39-450 Shishmaref,Obama,154
39-450 Shishmaref,Romney,36
39-450 Shishmaref,Stein,3
39-450 Shishmaref,Write-In,0
39-455 St. Michael,Johnson,4
39-455 St. Michael,Obama,42
39-455 St. Michael,Romney,19
39-455 St. Michael,Stein,2
39-455 St. Michael,Write-In,0
39-460 Stebbins,Johnson,3
39-460 Stebbins,Obama,61
39-460 Stebbins,Romney,30
39-460 Stebbins,Stein,3
39-460 Stebbins,Write-In,0
39-465 Teller,Johnson,5
39-465 Teller,Obama,43
39-465 Teller,Romney,13
39-465 Teller,Stein,0
39-465 Teller,Write-In,0
39-470 Unalakleet,Johnson,6
39-470 Unalakleet,Obama,163
39-470 Unalakleet,Romney,89
39-470 Unalakleet,Stein,3
39-470 Unalakleet,Write-In,7
39-475 Wales,Johnson,5
39-475 Wales,Obama,44
39-475 Wales,Romney,7
39-475 Wales,Stein,3
39-475 Wales,Write-In,1
39-480 White Mountain,Johnson,3
39-480 White Mountain,Obama,42
39-480 White Mountain,Romney,18
39-480 White Mountain,Stein,2
39-480 White Mountain,Write-In,0
39-Absentee,Johnson,41
39-Absentee,Obama,356
39-Absentee,Romney,508
39-Absentee,Stein,15
39-Absentee,Write-In,9
39-Early Voting,Johnson,3
39-Early Voting,Obama,142
39-Early Voting,Romney,78
39-Early Voting,Stein,2
39-Early Voting,Write-In,3
39-Question,Johnson,6
39-Question,Obama,193
39-Question,Romney,95
39-Question,Stein,5
39-Question,Write-In,5
40-002 Ambler,Johnson,1
40-002 Ambler,Obama,60
40-002 Ambler,Romney,15
40-002 Ambler,Stein,2
40-002 Ambler,Write-In,0
40-004 Anaktuvuk Pass,Johnson,0
40-004 Anaktuvuk Pass,Obama,63
40-004 Anaktuvuk Pass,Romney,23
40-004 Anaktuvuk Pass,Stein,2
40-004 Anaktuvuk Pass,Write-In,1
40-006 Atqasuk,Johnson,1
40-006 Atqasuk,Obama,37
40-006 Atqasuk,Romney,15
40-006 Atqasuk,Stein,2
40-006 Atqasuk,Write-In,0
40-008 Barrow,Johnson,8
40-008 Barrow,Obama,242
40-008 Barrow,Romney,112
40-008 Barrow,Stein,5
40-008 Barrow,Write-In,5
40-010 Browerville,Johnson,11
40-010 Browerville,Obama,501
40-010 Browerville,Romney,231
40-010 Browerville,Stein,11
40-010 Browerville,Write-In,14
40-012 Buckland,Johnson,4
40-012 Buckland,Obama,74
40-012 Buckland,Romney,12
40-012 Buckland,Stein,1
40-012 Buckland,Write-In,0
40-014 Deering,Johnson,1
40-014 Deering,Obama,29
40-014 Deering,Romney,4
40-014 Deering,Stein,0
40-014 Deering,Write-In,0
40-016 Kaktovik,Johnson,2
40-016 Kaktovik,Obama,54
40-016 Kaktovik,Romney,28
40-016 Kaktovik,Stein,1
40-016 Kaktovik,Write-In,1
40-018 Kiana,Johnson,0
40-018 Kiana,Obama,51
40-018 Kiana,Romney,26
40-018 Kiana,Stein,0
40-018 Kiana,Write-In,0
40-020 Kivalina,Johnson,3
40-020 Kivalina,Obama,58
40-020 Kivalina,Romney,32
40-020 Kivalina,Stein,0
40-020 Kivalina,Write-In,0
40-022 Kobuk,Johnson,1
40-022 Kobuk,Obama,30
40-022 Kobuk,Romney,3
40-022 Kobuk,Stein,0
40-022 Kobuk,Write-In,0
40-024 Kotzebue,Johnson,18
40-024 Kotzebue,Obama,481
40-024 Kotzebue,Romney,220
40-024 Kotzebue,Stein,12
40-024 Kotzebue,Write-In,5
40-026 Noatak,Johnson,4
40-026 Noatak,Obama,82
40-026 Noatak,Romney,47
40-026 Noatak,Stein,2
40-026 Noatak,Write-In,1
40-028 Noorvik,Johnson,6
40-028 Noorvik,Obama,77
40-028 Noorvik,Romney,59
40-028 Noorvik,Stein,2
40-028 Noorvik,Write-In,0
40-030 Nuiqsut,Johnson,4
40-030 Nuiqsut,Obama,68
40-030 Nuiqsut,Romney,41
40-030 Nuiqsut,Stein,1
40-030 Nuiqsut,Write-In,0
40-032 Point Hope,Johnson,1
40-032 Point Hope,Obama,118
40-032 Point Hope,Romney,38
40-032 Point Hope,Stein,1
40-032 Point Hope,Write-In,0
40-034 Point Lay,Johnson,0
40-034 Point Lay,Obama,24
40-034 Point Lay,Romney,14
40-034 Point Lay,Stein,2
40-034 Point Lay,Write-In,0
40-036 Selawik,Johnson,4
40-036 Selawik,Obama,108
40-036 Selawik,Romney,33
40-036 Selawik,Stein,3
40-036 Selawik,Write-In,0
40-038 Shungnak,Johnson,0
40-038 Shungnak,Obama,66
40-038 Shungnak,Romney,10
40-038 Shungnak,Stein,0
40-038 Shungnak,Write-In,0
40-040 Wainwright,Johnson,3
40-040 Wainwright,Obama,93
40-040 Wainwright,Romney,56
40-040 Wainwright,Stein,2
40-040 Wainwright,Write-In,1
40-Absentee,Johnson,6
40-Absentee,Obama,241
40-Absentee,Romney,229
40-Absentee,Stein,4
40-Absentee,Write-In,0
40-Early Voting,Johnson,0
40-Early Voting,Obama,3
40-Early Voting,Romney,0
40-Early Voting,Stein,0
40-Early Voting,Write-In,0
40-Question,Johnson,5
40-Question,Obama,157
40-Question,Romney,99
40-Question,Stein,5
40-Question,Write-In,2
